Fecha (UTC-05:00);Valor (Celsius);Cód. de calidad de datos;Nivel de aprobación;Tipo de interpolación;Marca horaria del evento
2017-05-03 13:00:00;23.15;;;;
2017-05-15 11:00:00;;;;;
2017-05-15 12:00:00;;;;;
2017-05-23 11:00:00;22.9;;;;
2017-05-24 10:00:00;22.35;;;;
2017-05-24 12:00:00;;;;;
2017-05-24 13:00:00;;;;;
2017-05-24 15:00:00;23.05;;;;
2017-05-25 21:00:00;17.55;;;;
2017-05-27 23:00:00;17.85;;;;
2017-05-28 11:00:00;22.9;;;;
2017-05-30 13:00:00;;;;;
2017-06-02 12:00:00;;;;;
2017-06-02 15:00:00;;;;;
2017-06-03 12:00:00;;;;;
2017-06-03 14:00:00;;;;;
2017-06-03 15:00:00;;;;;
2017-06-05 12:00:00;;;;;
2017-06-05 13:00:00;;;;;
2017-06-06 12:00:00;;;;;
2017-06-06 14:00:00;;;;;
2017-06-06 15:00:00;;;;;
2017-06-10 14:00:00;;;;;
2017-06-10 17:00:00;;;;;
2017-06-29 02:00:00;;;;;
2017-06-30 13:00:00;;;;;
2017-06-30 15:00:00;;;;;
2017-06-30 16:00:00;;;;;
2017-07-01 11:00:00;;;;;
2017-07-01 12:00:00;;;;;
2017-07-01 13:00:00;;;;;
2017-07-05 13:00:00;;;;;
2017-07-09 12:00:00;;;;;
2017-07-09 14:00:00;;;;;
2017-07-12 13:00:00;;;;;
2017-07-12 14:00:00;;;;;
2017-07-12 15:00:00;;;;;
2017-07-13 13:00:00;;;;;
2017-07-13 14:00:00;;;;;
2017-07-15 11:00:00;;;;;
2017-07-15 13:00:00;;;;;
2017-07-15 14:00:00;;;;;
2017-07-19 12:00:00;;;;;
2017-07-21 12:00:00;;;;;
2017-07-22 14:00:00;;;;;
2017-07-23 13:00:00;;;;;
2017-07-23 14:00:00;;;;;
2017-07-23 15:00:00;;;;;
2017-07-26 11:00:00;;;;;
2017-07-26 12:00:00;;;;;
2017-07-26 13:00:00;;;;;
2017-07-26 14:00:00;;;;;
2017-07-26 15:00:00;;;;;
2017-07-27 12:00:00;;;;;
2017-07-27 13:00:00;;;;;
2017-07-28 12:00:00;;;;;
2017-07-28 14:00:00;;;;;
2017-07-29 05:00:00;;;;;
2017-08-02 12:00:00;;;;;
2017-08-02 14:00:00;;;;;
2017-08-02 15:00:00;;;;;
2017-08-03 12:00:00;;;;;
2017-08-03 13:00:00;;;;;
2017-08-03 14:00:00;;;;;
2017-08-06 12:00:00;;;;;
2017-08-06 13:00:00;;;;;
2017-08-07 14:00:00;;;;;
2017-08-08 13:00:00;;;;;
2017-08-08 15:00:00;;;;;
2017-08-10 12:00:00;;;;;
2017-08-10 13:00:00;;;;;
2017-08-13 15:00:00;;;;;
2017-08-14 14:00:00;;;;;
2017-08-14 15:00:00;;;;;
2017-08-15 12:00:00;;;;;
2017-08-17 13:00:00;;;;;
2017-08-17 14:00:00;;;;;
2017-08-21 14:00:00;;;;;
2017-08-22 12:00:00;;;;;
2017-08-23 13:00:00;;;;;
2017-08-27 12:00:00;;;;;
2017-08-31 13:00:00;;;;;
2017-08-31 15:00:00;;;;;
2017-08-31 16:00:00;;;;;
2017-09-01 10:00:00;;;;;
2017-09-01 11:00:00;;;;;
2017-09-01 12:00:00;;;;;
2017-09-01 13:00:00;;;;;
2017-09-01 14:00:00;;;;;
2017-09-01 15:00:00;;;;;
2017-09-01 16:00:00;;;;;
2017-09-03 11:00:00;;;;;
2017-09-03 12:00:00;;;;;
2017-09-03 13:00:00;;;;;
2017-09-03 14:00:00;;;;;
2017-09-03 15:00:00;;;;;
2017-09-03 16:00:00;;;;;
2017-09-04 10:00:00;;;;;
2017-09-04 14:00:00;;;;;
2017-09-05 13:00:00;;;;;
2017-09-05 14:00:00;;;;;
2017-09-05 15:00:00;;;;;
2017-09-14 11:00:00;;;;;
2017-09-14 12:00:00;;;;;
2017-09-15 13:00:00;;;;;
2017-09-18 12:00:00;;;;;
2017-09-18 13:00:00;;;;;
2017-09-19 12:00:00;;;;;
2017-09-19 13:00:00;;;;;
2017-09-19 14:00:00;;;;;
2017-09-19 15:00:00;;;;;
2017-09-20 12:00:00;;;;;
2017-09-20 13:00:00;;;;;
2017-09-22 11:00:00;;;;;
2017-09-22 13:00:00;;;;;
2017-09-22 14:00:00;;;;;
2017-09-23 12:00:00;;;;;
2017-09-27 13:00:00;;;;;
2017-09-27 15:00:00;;;;;
2017-10-01 14:00:00;;;;;
2017-10-07 14:00:00;;;;;
2017-10-08 11:00:00;;;;;
2017-10-08 12:00:00;;;;;
2017-10-12 12:00:00;;;;;
2017-10-12 13:00:00;;;;;
2017-10-12 14:00:00;;;;;
2017-10-15 13:00:00;;;;;
2017-10-17 11:00:00;;;;;
2017-10-17 12:00:00;;;;;
2017-10-17 13:00:00;;;;;
2017-10-17 14:00:00;;;;;
2017-10-17 15:00:00;;;;;
2017-11-01 14:00:00;;;;;
2017-11-03 13:00:00;;;;;
2017-11-11 13:00:00;;;;;
2017-11-12 12:00:00;;;;;
2017-11-28 14:00:00;;;;;
2017-12-05 13:00:00;;;;;
2017-12-05 14:00:00;;;;;
2017-12-06 11:00:00;;;;;
2017-12-08 13:00:00;;;;;
2017-12-16 11:00:00;;;;;
2017-12-16 12:00:00;;;;;
2017-12-17 12:00:00;;;;;
2017-12-18 14:00:00;;;;;
2017-12-19 15:00:00;;;;;
2017-12-20 12:00:00;;;;;
2017-12-23 12:00:00;;;;;
2017-12-24 13:00:00;;;;;
2018-01-05 13:00:00;;;;;
2018-01-08 12:00:00;;;;;
2018-01-16 10:00:00;;;;;
2018-01-16 11:00:00;;;;;
2018-01-21 12:00:00;;;;;
2018-01-22 14:00:00;;;;;
2018-01-25 13:00:00;;;;;
2018-01-28 14:00:00;;;;;
2018-01-29 12:00:00;;;;;
2018-01-30 15:00:00;;;;;
2018-01-31 13:00:00;;;;;
2018-01-31 15:00:00;;;;;
2018-02-04 15:00:00;;;;;
2018-02-08 14:00:00;;;;;
2018-02-14 13:00:00;;;;;
2018-02-15 08:00:00;;;;;
2018-02-17 13:00:00;;;;;
2018-02-20 12:00:00;;;;;
2018-02-20 13:00:00;;;;;
2018-02-26 14:00:00;;;;;
2018-02-27 14:00:00;;;;;
2018-02-28 13:00:00;;;;;
2018-03-01 12:00:00;;;;;
2018-03-03 13:00:00;;;;;
2018-03-04 11:00:00;;;;;
2018-03-04 13:00:00;;;;;
2018-03-06 13:00:00;;;;;
2018-03-07 11:00:00;;;;;
2018-03-07 13:00:00;;;;;
2018-03-09 14:00:00;;;;;
2018-03-10 12:00:00;;;;;
2018-03-10 13:00:00;;;;;
2018-03-10 14:00:00;;;;;
2018-03-10 15:00:00;;;;;
2018-03-11 11:00:00;;;;;
2018-03-12 10:00:00;;;;;
2018-03-12 12:00:00;;;;;
2018-03-12 13:00:00;;;;;
2018-03-12 15:00:00;;;;;
2018-03-13 12:00:00;;;;;
2018-03-13 14:00:00;;;;;
2018-03-14 11:00:00;;;;;
2018-03-14 15:00:00;;;;;
2018-03-15 15:00:00;;;;;
2018-03-16 14:00:00;;;;;
2018-03-17 12:00:00;;;;;
2018-03-18 14:00:00;;;;;
2018-03-21 11:00:00;;;;;
2018-03-21 13:00:00;;;;;
2018-03-25 14:00:00;;;;;
2018-03-26 13:00:00;;;;;
2018-03-27 11:00:00;;;;;
2018-03-30 13:00:00;;;;;
2018-04-07 12:00:00;;;;;
2018-04-08 14:00:00;;;;;
2018-04-08 15:00:00;;;;;
2018-04-09 13:00:00;;;;;
2018-04-15 11:00:00;;;;;
2018-04-15 13:00:00;;;;;
2018-04-18 12:00:00;;;;;
2018-04-18 14:00:00;;;;;
2018-04-18 15:00:00;;;;;
2018-04-18 16:00:00;;;;;
2018-04-19 13:00:00;;;;;
2018-04-21 12:00:00;;;;;
2018-04-24 14:00:00;;;;;
2018-04-25 16:00:00;;;;;
2018-05-02 11:00:00;;;;;
2018-05-02 14:00:00;;;;;
2018-05-03 10:00:00;;;;;
2018-05-04 14:00:00;;;;;
2018-05-04 15:00:00;;;;;
2018-05-11 12:00:00;;;;;
2018-05-15 14:00:00;;;;;
2018-05-31 13:00:00;;;;;
2018-06-08 12:00:00;;;;;
2018-06-12 13:00:00;;;;;
2018-06-12 14:00:00;;;;;
2018-06-12 15:00:00;;;;;
2018-06-12 16:00:00;;;;;
2018-06-13 14:00:00;;;;;
2018-06-21 14:00:00;;;;;
2018-07-02 15:00:00;;;;;
2018-07-03 14:00:00;;;;;
2018-07-03 15:00:00;;;;;
2018-07-03 16:00:00;;;;;
2018-07-08 12:00:00;;;;;
2018-07-08 13:00:00;;;;;
2018-07-11 12:00:00;;;;;
2018-07-12 15:00:00;;;;;
2018-07-12 16:00:00;;;;;
2018-07-14 13:00:00;;;;;
2018-07-15 13:00:00;;;;;
2018-07-16 12:00:00;;;;;
2018-07-16 13:00:00;;;;;
2018-07-26 12:00:00;;;;;
2018-08-02 13:00:00;;;;;
2018-08-02 14:00:00;;;;;
2018-08-08 12:00:00;;;;;
2018-08-08 15:00:00;;;;;
2018-08-09 14:00:00;;;;;
2018-08-10 12:00:00;;;;;
2018-08-10 13:00:00;;;;;
2018-08-11 12:00:00;;;;;
2018-08-11 13:00:00;;;;;
2018-08-11 15:00:00;;;;;
2018-08-11 16:00:00;;;;;
2018-08-16 13:00:00;;;;;
2018-08-16 15:00:00;;;;;
2018-08-20 11:00:00;;;;;
2018-08-20 12:00:00;;;;;
2018-08-20 14:00:00;;;;;
2018-08-21 12:00:00;;;;;
2018-08-24 13:00:00;;;;;
2018-08-24 14:00:00;;;;;
2018-08-26 12:00:00;;;;;
2018-08-27 11:00:00;;;;;
2018-08-27 12:00:00;;;;;
2018-08-31 13:00:00;;;;;
2018-08-31 15:00:00;;;;;
2018-09-02 12:00:00;;;;;
2018-09-02 14:00:00;;;;;
2018-09-02 15:00:00;;;;;
2018-09-02 16:00:00;;;;;
2018-09-04 11:00:00;;;;;
2018-09-04 12:00:00;;;;;
2018-09-08 12:00:00;;;;;
2018-09-08 13:00:00;;;;;
2018-09-08 14:00:00;;;;;
2018-09-10 12:00:00;;;;;
2018-09-10 13:00:00;;;;;
2018-09-12 11:00:00;;;;;
2018-09-17 13:00:00;;;;;
2018-09-18 10:00:00;;;;;
2018-09-18 14:00:00;;;;;
2018-09-19 14:00:00;;;;;
2018-09-21 12:00:00;;;;;
2018-09-22 11:00:00;;;;;
2018-09-22 12:00:00;;;;;
2018-09-22 13:00:00;;;;;
2018-09-24 14:00:00;;;;;
2018-09-25 12:00:00;;;;;
2018-09-29 11:00:00;;;;;
2018-09-29 12:00:00;;;;;
2018-09-29 13:00:00;;;;;
2018-09-29 14:00:00;;;;;
2018-09-30 15:00:00;;;;;
2018-09-30 16:00:00;;;;;
2018-10-01 12:00:00;;;;;
2018-10-01 13:00:00;;;;;
2018-10-01 14:00:00;;;;;
2018-10-19 13:00:00;;;;;
2018-10-23 13:00:00;;;;;
2018-10-30 12:00:00;;;;;
2018-10-31 13:00:00;;;;;
2018-10-31 14:00:00;;;;;
2018-11-24 12:00:00;;;;;
2018-11-29 12:00:00;;;;;
2018-12-15 13:00:00;;;;;
2018-12-17 12:00:00;;;;;
2018-12-20 14:00:00;;;;;
2018-12-23 12:00:00;;;;;
2018-12-25 16:00:00;;;;;
2018-12-28 11:00:00;;;;;
2018-12-29 12:00:00;;;;;
2019-01-01 12:00:00;;;;;
2019-01-01 13:00:00;;;;;
2019-01-01 14:00:00;;;;;
2019-01-02 13:00:00;;;;;
2019-01-02 15:00:00;;;;;
2019-01-03 12:00:00;;;;;
2019-01-03 16:00:00;;;;;
2019-01-04 12:00:00;;;;;
2019-01-04 13:00:00;;;;;
2019-01-04 14:00:00;;;;;
2019-01-05 12:00:00;;;;;
2019-01-05 15:00:00;;;;;
2019-01-06 13:00:00;;;;;
2019-01-15 13:00:00;;;;;
2019-01-17 13:00:00;;;;;
2019-01-21 12:00:00;;;;;
2019-01-21 13:00:00;;;;;
2019-01-21 15:00:00;;;;;
2019-01-22 12:00:00;;;;;
2019-01-23 13:00:00;;;;;
2019-01-24 11:00:00;;;;;
2019-01-24 12:00:00;;;;;
2019-01-24 13:00:00;;;;;
2019-01-25 10:00:00;;;;;
2019-01-25 12:00:00;;;;;
2019-01-25 14:00:00;;;;;
2019-01-26 12:00:00;;;;;
2019-01-26 13:00:00;;;;;
2019-01-29 14:00:00;;;;;
2019-01-29 15:00:00;;;;;
2019-01-30 12:00:00;;;;;
2019-01-31 13:00:00;;;;;
2019-02-03 13:00:00;;;;;
2019-02-04 13:00:00;;;;;
2019-02-05 11:00:00;;;;;
2019-02-05 12:00:00;;;;;
2019-02-05 13:00:00;;;;;
2019-02-06 12:00:00;;;;;
2019-02-06 13:00:00;;;;;
2019-02-06 14:00:00;;;;;
2019-02-12 14:00:00;;;;;
2019-02-12 15:00:00;;;;;
2019-02-13 14:00:00;;;;;
2019-02-14 13:00:00;;;;;
2019-02-14 14:00:00;;;;;
2019-02-14 15:00:00;;;;;
2019-02-14 16:00:00;;;;;
2019-02-16 14:00:00;;;;;
2019-02-16 15:00:00;;;;;
2019-02-17 15:00:00;;;;;
2019-02-21 13:00:00;;;;;
2019-02-22 12:00:00;;;;;
2019-02-25 13:00:00;;;;;
2019-02-26 12:00:00;;;;;
2019-02-27 14:00:00;;;;;
2019-02-28 13:00:00;;;;;
2019-03-01 12:00:00;;;;;
2019-03-02 13:00:00;;;;;
2019-03-03 11:00:00;;;;;
2019-03-04 14:00:00;;;;;
2019-03-06 12:00:00;;;;;
2019-03-06 13:00:00;;;;;
2019-03-07 13:00:00;;;;;
2019-03-08 12:00:00;;;;;
2019-03-08 13:00:00;;;;;
2019-03-08 14:00:00;;;;;
2019-03-09 10:00:00;;;;;
2019-03-09 12:00:00;;;;;
2019-03-09 13:00:00;;;;;
2019-03-09 14:00:00;;;;;
2019-03-11 11:00:00;;;;;
2019-03-11 12:00:00;;;;;
2019-03-11 13:00:00;;;;;
2019-03-13 13:00:00;;;;;
2019-03-16 13:00:00;;;;;
2019-03-16 15:00:00;;;;;
2019-03-17 13:00:00;;;;;
2019-03-20 14:00:00;;;;;
2019-03-21 13:00:00;;;;;
2019-03-21 16:00:00;;;;;
2019-03-27 10:00:00;;;;;
2019-03-27 12:00:00;;;;;
2019-03-27 13:00:00;;;;;
2019-03-30 13:00:00;;;;;
2019-03-30 14:00:00;;;;;
2019-03-30 15:00:00;;;;;
2019-03-31 10:00:00;;;;;
2019-03-31 13:00:00;;;;;
2019-04-05 12:00:00;;;;;
2019-04-06 14:00:00;;;;;
2019-04-07 12:00:00;;;;;
2019-04-11 13:00:00;;;;;
2019-04-11 14:00:00;;;;;
2019-04-12 12:00:00;;;;;
2019-04-12 13:00:00;;;;;
2019-04-13 11:00:00;;;;;
2019-04-23 12:00:00;;;;;
2019-04-24 14:00:00;;;;;
2019-04-25 12:00:00;;;;;
2019-04-25 14:00:00;;;;;
2019-04-25 15:00:00;;;;;
2019-04-26 14:00:00;;;;;
2019-04-26 15:00:00;;;;;
2019-04-27 13:00:00;;;;;
2019-04-30 11:00:00;;;;;
2019-05-01 11:00:00;;;;;
2019-05-01 12:00:00;;;;;
2019-05-01 13:00:00;;;;;
2019-05-01 14:00:00;;;;;
2019-05-01 15:00:00;;;;;
2019-05-02 12:00:00;;;;;
2019-05-02 13:00:00;;;;;
2019-05-05 13:00:00;;;;;
2019-05-08 13:00:00;;;;;
2019-05-12 13:00:00;;;;;
2019-05-14 13:00:00;;;;;
2019-05-20 14:00:00;;;;;
2019-05-21 14:00:00;;;;;
2019-05-22 13:00:00;;;;;
2019-06-02 13:00:00;;;;;
2019-06-04 12:00:00;;;;;
2019-06-04 15:00:00;;;;;
2019-06-05 10:00:00;;;;;
2019-06-05 11:00:00;;;;;
2019-06-05 14:00:00;;;;;
2019-06-17 15:00:00;;;;;
2019-06-27 13:00:00;;;;;
2019-06-27 16:00:00;;;;;
2019-07-03 13:00:00;;;;;
2019-07-05 13:00:00;;;;;
2019-07-05 14:00:00;;;;;
2019-07-06 11:00:00;;;;;
2019-07-06 12:00:00;;;;;
2019-07-11 12:00:00;;;;;
2019-07-11 13:00:00;;;;;
2019-07-11 14:00:00;;;;;
2019-07-14 14:00:00;;;;;
2019-07-16 15:00:00;;;;;
2019-07-17 13:00:00;;;;;
2019-07-17 14:00:00;;;;;
2019-07-18 12:00:00;;;;;
2019-07-18 15:00:00;;;;;
2019-07-19 11:00:00;;;;;
2019-07-19 13:00:00;;;;;
2019-07-19 14:00:00;;;;;
2019-07-19 15:00:00;;;;;
2019-07-20 11:00:00;;;;;
2019-07-20 12:00:00;;;;;
2019-07-20 13:00:00;;;;;
2019-07-20 14:00:00;;;;;
2019-07-20 16:00:00;;;;;
2019-07-21 13:00:00;;;;;
2019-07-27 14:00:00;;;;;
2019-07-30 15:00:00;;;;;
2019-07-31 12:00:00;;;;;
2019-08-01 11:00:00;;;;;
2019-08-02 12:00:00;;;;;
2019-08-05 11:00:00;;;;;
2019-08-05 12:00:00;;;;;
2019-08-05 13:00:00;;;;;
2019-08-05 14:00:00;;;;;
2019-08-06 13:00:00;;;;;
2019-08-08 14:00:00;;;;;
2019-08-09 14:00:00;;;;;
2019-08-10 11:00:00;;;;;
2019-08-12 12:00:00;;;;;
2019-08-12 13:00:00;;;;;
2019-08-12 14:00:00;;;;;
2019-08-13 12:00:00;;;;;
2019-08-14 11:00:00;;;;;
2019-08-14 12:00:00;;;;;
2019-08-14 13:00:00;;;;;
2019-08-14 14:00:00;;;;;
2019-08-17 13:00:00;;;;;
2019-08-18 11:00:00;;;;;
2019-08-18 12:00:00;;;;;
2019-08-18 13:00:00;;;;;
2019-08-18 14:00:00;;;;;
2019-08-18 15:00:00;;;;;
2019-08-18 16:00:00;;;;;
2019-08-19 14:00:00;;;;;
2019-08-20 12:00:00;;;;;
2019-08-21 13:00:00;;;;;
2019-08-21 14:00:00;;;;;
2019-08-22 12:00:00;;;;;
2019-08-22 14:00:00;;;;;
2019-08-22 15:00:00;;;;;
2019-08-23 11:00:00;;;;;
2019-08-23 12:00:00;;;;;
2019-08-23 13:00:00;;;;;
2019-08-23 14:00:00;;;;;
2019-08-23 15:00:00;;;;;
2019-08-23 16:00:00;;;;;
2019-08-25 11:00:00;;;;;
2019-08-25 12:00:00;;;;;
2019-08-25 13:00:00;;;;;
2019-08-25 14:00:00;;;;;
2019-08-25 15:00:00;;;;;
2019-08-26 11:00:00;;;;;
2019-08-26 12:00:00;;;;;
2019-08-26 13:00:00;;;;;
2019-08-26 14:00:00;;;;;
2019-08-26 15:00:00;;;;;
2019-08-27 11:00:00;;;;;
2019-08-27 12:00:00;;;;;
2019-08-27 13:00:00;;;;;
2019-08-27 14:00:00;;;;;
2019-08-27 15:00:00;;;;;
2019-08-28 12:00:00;;;;;
2019-08-30 13:00:00;;;;;
2019-09-03 10:00:00;;;;;
2019-09-03 13:00:00;;;;;
2019-09-04 12:00:00;;;;;
2019-09-04 13:00:00;;;;;
2019-09-05 12:00:00;;;;;
2019-09-05 14:00:00;;;;;
2019-09-06 13:00:00;;;;;
2019-09-08 11:00:00;;;;;
2019-09-08 12:00:00;;;;;
2019-09-08 14:00:00;;;;;
2019-09-09 10:00:00;;;;;
2019-09-09 14:00:00;;;;;
2019-09-10 13:00:00;;;;;
2019-09-10 14:00:00;;;;;
2019-09-10 16:00:00;;;;;
2019-09-11 11:00:00;;;;;
2019-09-11 12:00:00;;;;;
2019-09-11 15:00:00;;;;;
2019-09-12 12:00:00;;;;;
2019-09-12 15:00:00;;;;;
2019-09-13 12:00:00;;;;;
2019-09-13 13:00:00;;;;;
2019-09-13 14:00:00;;;;;
2019-09-14 13:00:00;;;;;
2019-09-15 13:00:00;;;;;
2019-09-22 12:00:00;;;;;
2019-09-24 13:00:00;;;;;
2019-09-26 14:00:00;;;;;
2019-09-26 15:00:00;;;;;
2019-09-27 12:00:00;;;;;
2019-09-28 13:00:00;;;;;
2019-09-30 12:00:00;;;;;
2019-10-30 13:00:00;;;;;
2019-11-01 11:00:00;;;;;
2019-11-07 12:00:00;;;;;
2019-11-07 13:00:00;;;;;
2019-11-08 13:00:00;;;;;
2019-12-01 12:00:00;;;;;
2019-12-05 12:00:00;;;;;
2019-12-19 12:00:00;;;;;
2019-12-21 12:00:00;;;;;
2019-12-22 14:00:00;;;;;
2019-12-24 15:00:00;;;;;
2019-12-25 13:00:00;;;;;
2019-12-26 12:00:00;;;;;
2019-12-26 15:00:00;;;;;
2019-12-28 12:00:00;;;;;
2019-12-28 13:00:00;;;;;
2019-12-29 13:00:00;;;;;
2020-01-04 12:00:00;;;;;
2020-01-04 14:00:00;;;;;
2020-01-07 14:00:00;;;;;
2020-01-09 13:00:00;;;;;
2020-01-10 13:00:00;;;;;
2020-01-12 14:00:00;;;;;
2020-01-14 12:00:00;;;;;
2020-01-14 13:00:00;;;;;
2020-01-14 15:00:00;;;;;
2020-01-14 16:00:00;;;;;
2020-01-15 13:00:00;;;;;
2020-01-15 14:00:00;;;;;
2020-01-16 12:00:00;;;;;
2020-01-16 13:00:00;;;;;
2020-01-16 14:00:00;;;;;
2020-01-17 10:00:00;;;;;
2020-01-17 13:00:00;;;;;
2020-01-17 14:00:00;;;;;
2020-01-17 15:00:00;;;;;
2020-01-19 11:00:00;;;;;
2020-01-19 12:00:00;;;;;
2020-01-19 13:00:00;;;;;
2020-01-24 13:00:00;;;;;
2020-01-25 12:00:00;;;;;
2020-01-31 11:00:00;;;;;
2020-01-31 15:00:00;;;;;
2020-02-01 11:00:00;;;;;
2020-02-01 12:00:00;;;;;
2020-02-01 14:00:00;;;;;
2020-02-01 15:00:00;;;;;
2020-02-02 15:00:00;;;;;
2020-02-04 10:00:00;;;;;
2020-02-04 11:00:00;;;;;
2020-02-05 12:00:00;;;;;
2020-02-05 14:00:00;;;;;
2020-02-05 15:00:00;;;;;
2020-02-06 11:00:00;;;;;
2020-02-06 15:00:00;;;;;
2020-02-07 15:00:00;;;;;
2020-02-09 16:00:00;;;;;
2020-02-10 13:00:00;;;;;
2020-02-11 13:00:00;;;;;
2020-02-11 15:00:00;;;;;
2020-02-12 12:00:00;;;;;
2020-02-12 15:00:00;;;;;
2020-02-14 13:00:00;;;;;
2020-02-14 14:00:00;;;;;
2020-02-15 12:00:00;;;;;
2020-02-15 13:00:00;;;;;
2020-02-16 12:00:00;;;;;
2020-02-16 15:00:00;;;;;
2020-02-17 12:00:00;;;;;
2020-02-17 13:00:00;;;;;
2020-02-17 14:00:00;;;;;
2020-02-18 12:00:00;;;;;
2020-02-18 13:00:00;;;;;
2020-02-18 14:00:00;;;;;
2020-02-18 15:00:00;;;;;
2020-02-18 16:00:00;;;;;
2020-02-23 13:00:00;;;;;
2020-02-28 15:00:00;;;;;
2020-02-29 14:00:00;;;;;
2020-03-01 12:00:00;;;;;
2020-03-02 11:00:00;;;;;
2020-03-02 12:00:00;;;;;
2020-03-04 12:00:00;;;;;
2020-03-04 13:00:00;;;;;
2020-03-04 16:00:00;;;;;
2020-03-05 13:00:00;;;;;
2020-03-05 14:00:00;;;;;
2020-03-06 10:00:00;;;;;
2020-03-06 12:00:00;;;;;
2020-03-06 13:00:00;;;;;
2020-03-08 12:00:00;;;;;
2020-03-08 13:00:00;;;;;
2020-03-08 16:00:00;;;;;
2020-03-10 12:00:00;;;;;
2020-03-10 13:00:00;;;;;
2020-03-10 14:00:00;;;;;
2020-03-12 12:00:00;;;;;
2020-03-12 13:00:00;;;;;
2020-03-17 15:00:00;;;;;
2020-03-18 13:00:00;;;;;
2020-03-21 13:00:00;;;;;
2020-03-21 14:00:00;;;;;
2020-03-21 15:00:00;;;;;
2020-03-21 16:00:00;;;;;
2020-03-22 12:00:00;;;;;
2020-03-22 13:00:00;;;;;
2020-03-22 14:00:00;;;;;
2020-03-22 15:00:00;;;;;
2020-03-23 13:00:00;;;;;
2020-03-23 14:00:00;;;;;
2020-03-23 15:00:00;;;;;
2020-03-23 16:00:00;;;;;
2020-03-25 14:00:00;;;;;
2020-03-25 15:00:00;;;;;
2020-03-27 11:00:00;;;;;
2020-03-27 13:00:00;;;;;
2020-03-27 14:00:00;;;;;
2020-03-27 15:00:00;;;;;
2020-03-30 11:00:00;;;;;
2020-04-02 11:00:00;;;;;
2020-04-02 12:00:00;;;;;
2020-04-02 15:00:00;;;;;
2020-04-03 12:00:00;;;;;
2020-04-03 13:00:00;;;;;
2020-04-03 14:00:00;;;;;
2020-04-04 12:00:00;;;;;
2020-04-04 14:00:00;;;;;
2020-04-04 15:00:00;;;;;
2020-04-05 12:00:00;;;;;
2020-04-05 14:00:00;;;;;
2020-04-05 15:00:00;;;;;
2020-04-06 13:00:00;;;;;
2020-04-06 14:00:00;;;;;
2020-04-07 14:00:00;;;;;
2020-04-08 11:00:00;;;;;
2020-04-08 12:00:00;;;;;
2020-04-08 13:00:00;;;;;
2020-04-09 10:00:00;;;;;
2020-04-09 12:00:00;;;;;
2020-04-10 13:00:00;;;;;
2020-04-10 14:00:00;;;;;
2020-04-15 14:00:00;;;;;
2020-04-15 15:00:00;;;;;
2020-04-17 12:00:00;;;;;
2020-04-25 12:00:00;;;;;
2020-04-25 13:00:00;;;;;
2020-04-26 14:00:00;;;;;
2020-04-28 11:00:00;;;;;
2020-04-28 12:00:00;;;;;
2020-04-28 13:00:00;;;;;
2020-04-30 11:00:00;;;;;
2020-04-30 13:00:00;;;;;
2020-04-30 14:00:00;;;;;
2020-04-30 16:00:00;;;;;
2020-05-02 14:00:00;;;;;
2020-05-02 15:00:00;;;;;
2020-05-03 10:00:00;;;;;
2020-05-04 10:00:00;;;;;
2020-05-05 12:00:00;;;;;
2020-05-06 12:00:00;;;;;
2020-05-06 14:00:00;;;;;
2020-05-08 14:00:00;;;;;
2020-05-08 15:00:00;;;;;
2020-05-08 16:00:00;;;;;
2020-05-09 11:00:00;;;;;
2020-05-09 12:00:00;;;;;
2020-05-09 14:00:00;;;;;
2020-05-09 16:00:00;;;;;
2020-05-10 13:00:00;;;;;
2020-05-10 14:00:00;;;;;
2020-05-11 12:00:00;;;;;
2020-05-14 11:00:00;;;;;
2020-05-14 12:00:00;;;;;
2020-05-14 13:00:00;;;;;
2020-05-15 13:00:00;;;;;
2020-05-15 14:00:00;;;;;
2020-05-16 11:00:00;;;;;
2020-05-16 12:00:00;;;;;
2020-05-16 13:00:00;;;;;
2020-05-16 14:00:00;;;;;
2020-05-17 14:00:00;;;;;
2020-05-18 13:00:00;;;;;
2020-05-18 14:00:00;;;;;
2020-05-20 12:00:00;;;;;
2020-05-20 13:00:00;;;;;
2020-05-20 14:00:00;;;;;
2020-05-21 16:00:00;;;;;
2020-05-22 15:00:00;;;;;
2020-05-23 12:00:00;;;;;
2020-05-23 13:00:00;;;;;
2020-05-23 14:00:00;;;;;
2020-05-23 15:00:00;;;;;
2020-05-24 12:00:00;;;;;
2020-05-24 13:00:00;;;;;
2020-05-24 14:00:00;;;;;
2020-05-24 15:00:00;;;;;
2020-05-24 17:00:00;;;;;
2020-05-25 11:00:00;;;;;
2020-05-25 12:00:00;;;;;
2020-05-25 13:00:00;;;;;
2020-05-26 11:00:00;;;;;
2020-06-07 14:00:00;;;;;
2020-06-07 15:00:00;;;;;
2020-06-08 11:00:00;;;;;
2020-06-08 12:00:00;;;;;
2020-06-08 13:00:00;;;;;
2020-06-08 14:00:00;;;;;
2020-06-09 12:00:00;;;;;
2020-06-09 13:00:00;;;;;
2020-06-10 12:00:00;;;;;
2020-06-10 13:00:00;;;;;
2020-06-10 14:00:00;;;;;
2020-06-14 15:00:00;;;;;
2020-06-16 14:00:00;;;;;
2020-06-18 11:00:00;;;;;
2020-06-18 12:00:00;;;;;
2020-06-21 12:00:00;;;;;
2020-06-22 13:00:00;;;;;
2020-07-09 13:00:00;;;;;
2020-07-09 15:00:00;;;;;
2020-07-12 13:00:00;;;;;
2020-07-12 14:00:00;;;;;
2020-07-13 14:00:00;;;;;
2020-07-14 13:00:00;;;;;
2020-07-14 14:00:00;;;;;
2020-07-15 15:00:00;;;;;
2020-07-16 14:00:00;;;;;
2020-07-16 15:00:00;;;;;
2020-07-17 11:00:00;;;;;
2020-07-17 12:00:00;;;;;
2020-07-17 13:00:00;;;;;
2020-07-17 14:00:00;;;;;
2020-07-18 14:00:00;;;;;
2020-07-18 15:00:00;;;;;
2020-07-19 12:00:00;;;;;
2020-07-19 16:00:00;;;;;
2020-07-20 12:00:00;;;;;
2020-07-21 12:00:00;;;;;
2020-07-28 11:00:00;;;;;
2020-07-30 14:00:00;;;;;
2020-07-31 12:00:00;;;;;
2020-07-31 13:00:00;;;;;
2020-07-31 14:00:00;;;;;
2020-08-01 11:00:00;;;;;
2020-08-01 12:00:00;;;;;
2020-08-01 13:00:00;;;;;
2020-08-01 14:00:00;;;;;
2020-08-01 15:00:00;;;;;
2020-08-01 16:00:00;;;;;
2020-08-02 11:00:00;;;;;
2020-08-02 13:00:00;;;;;
2020-08-02 14:00:00;;;;;
2020-08-02 15:00:00;;;;;
2020-08-03 12:00:00;;;;;
2020-08-04 11:00:00;;;;;
2020-08-04 14:00:00;;;;;
2020-08-07 16:00:00;;;;;
2020-08-08 14:00:00;;;;;
2020-08-08 16:00:00;;;;;
2020-08-09 14:00:00;;;;;
2020-08-11 13:00:00;;;;;
2020-08-12 12:00:00;;;;;
2020-08-20 14:00:00;;;;;
2020-08-23 14:00:00;;;;;
2020-08-26 12:00:00;;;;;
2020-08-31 11:00:00;;;;;
2020-09-03 13:00:00;;;;;
2020-09-05 13:00:00;;;;;
2020-09-09 12:00:00;;;;;
2020-09-10 12:00:00;;;;;
2020-09-10 13:00:00;;;;;
2020-09-11 14:00:00;;;;;
2020-09-12 12:00:00;;;;;
2020-09-14 12:00:00;;;;;
2020-09-14 13:00:00;;;;;
2020-09-19 13:00:00;;;;;
2020-09-21 11:00:00;;;;;
2020-09-21 12:00:00;;;;;
2020-09-21 13:00:00;;;;;
2020-09-22 12:00:00;;;;;
2020-09-22 13:00:00;;;;;
2020-09-22 14:00:00;;;;;
2020-09-25 11:00:00;;;;;
2020-09-27 12:00:00;;;;;
2020-10-01 14:00:00;;;;;
2020-10-02 13:00:00;;;;;
2020-10-02 14:00:00;;;;;
2020-10-05 13:00:00;;;;;
2020-10-06 12:00:00;;;;;
2020-10-08 11:00:00;;;;;
2020-10-08 13:00:00;;;;;
2020-10-10 13:00:00;;;;;
2020-10-11 11:00:00;;;;;
2020-10-12 12:00:00;;;;;
2020-10-12 13:00:00;;;;;
2020-10-14 12:00:00;;;;;
2020-10-15 12:00:00;;;;;
2020-10-22 11:00:00;;;;;
2020-10-22 13:00:00;;;;;
2020-10-22 14:00:00;;;;;
2020-10-22 15:00:00;;;;;
2020-10-23 14:00:00;;;;;
2020-10-26 13:00:00;;;;;
2020-10-26 14:00:00;;;;;
2020-10-26 15:00:00;;;;;
2020-10-30 13:00:00;;;;;
2020-10-30 14:00:00;;;;;
2020-11-02 11:00:00;;;;;
2020-11-08 14:00:00;;;;;
2020-11-15 12:00:00;;;;;
2020-11-16 12:00:00;;;;;
2020-11-22 13:00:00;;;;;
2020-11-23 13:00:00;;;;;
2020-11-28 15:00:00;;;;;
2020-11-30 13:00:00;;;;;
2020-11-30 14:00:00;;;;;
2020-11-30 15:00:00;;;;;
2020-12-09 12:00:00;;;;;
2020-12-12 12:00:00;;;;;
2020-12-20 13:00:00;;;;;
2020-12-23 12:00:00;;;;;
2021-01-01 12:00:00;;;;;
2021-01-11 12:00:00;;;;;
2021-01-13 14:00:00;;;;;
2021-01-19 12:00:00;;;;;
2021-01-25 12:00:00;;;;;
2021-01-26 13:00:00;;;;;
2021-01-29 12:00:00;;;;;
2021-01-29 13:00:00;;;;;
2021-01-31 11:00:00;;;;;
2021-01-31 12:00:00;;;;;
2021-01-31 13:00:00;;;;;
2021-02-02 12:00:00;;;;;
2021-02-02 15:00:00;;;;;
2021-02-04 14:00:00;;;;;
2021-02-05 11:00:00;;;;;
2021-02-05 13:00:00;;;;;
2021-02-11 12:00:00;;;;;
2021-02-11 13:00:00;;;;;
2021-02-15 15:00:00;;;;;
2021-02-15 16:00:00;;;;;
2021-02-15 17:00:00;;;;;
2021-02-20 13:00:00;;;;;
2021-02-25 13:00:00;;;;;
2021-02-26 12:00:00;;;;;
2021-03-16 11:00:00;;;;;
2021-03-17 13:00:00;;;;;
2021-03-29 14:00:00;;;;;
2021-03-30 14:00:00;;;;;
2021-04-03 15:00:00;;;;;
2021-04-05 13:00:00;;;;;
2021-04-05 14:00:00;;;;;
2021-04-11 15:00:00;;;;;
2021-04-11 16:00:00;;;;;
2021-04-13 11:00:00;;;;;
2021-04-13 13:00:00;;;;;
2021-04-19 13:00:00;;;;;
2021-04-21 13:00:00;;;;;
2021-04-21 14:00:00;;;;;
2021-04-21 15:00:00;;;;;
2021-04-22 12:00:00;;;;;
2021-05-05 13:00:00;;;;;
2021-05-13 15:00:00;;;;;
2021-05-26 12:00:00;;;;;
2021-05-26 13:00:00;;;;;
2021-05-26 15:00:00;;;;;
2021-06-02 12:00:00;;;;;
2021-06-11 14:00:00;;;;;
2021-06-28 12:00:00;;;;;
2021-06-28 14:00:00;;;;;
2021-06-28 16:00:00;;;;;
2021-07-02 16:00:00;;;;;
2021-07-02 17:00:00;;;;;
2021-07-02 18:00:00;;;;;
2021-07-02 19:00:00;;;;;
2021-07-02 20:00:00;;;;;
2021-07-02 21:00:00;;;;;
2021-07-02 22:00:00;;;;;
2021-07-02 23:00:00;;;;;
2021-07-03 00:00:00;;;;;
2021-07-03 01:00:00;;;;;
2021-07-03 02:00:00;;;;;
2021-07-03 03:00:00;;;;;
2021-07-03 04:00:00;;;;;
2021-07-03 05:00:00;;;;;
2021-07-03 06:00:00;;;;;
2021-07-03 07:00:00;;;;;
2021-07-03 08:00:00;;;;;
2021-07-03 09:00:00;;;;;
2021-07-03 10:00:00;;;;;
2021-07-03 11:00:00;;;;;
2021-07-03 12:00:00;;;;;
2021-07-03 13:00:00;;;;;
2021-07-03 14:00:00;;;;;
2021-07-03 15:00:00;;;;;
2021-07-03 16:00:00;;;;;
2021-07-03 17:00:00;;;;;
2021-07-03 18:00:00;;;;;
2021-07-03 19:00:00;;;;;
2021-07-03 20:00:00;;;;;
2021-07-03 21:00:00;;;;;
2021-07-03 22:00:00;;;;;
2021-07-03 23:00:00;;;;;
2021-07-04 00:00:00;;;;;
2021-07-04 01:00:00;;;;;
2021-07-04 02:00:00;;;;;
2021-07-04 03:00:00;;;;;
2021-07-04 04:00:00;;;;;
2021-07-04 05:00:00;;;;;
2021-07-04 06:00:00;;;;;
2021-07-04 07:00:00;;;;;
2021-07-04 08:00:00;;;;;
2021-07-04 09:00:00;;;;;
2021-07-04 10:00:00;;;;;
2021-07-04 11:00:00;;;;;
2021-07-04 12:00:00;;;;;
2021-07-04 13:00:00;;;;;
2021-07-04 14:00:00;;;;;
2021-07-04 15:00:00;;;;;
2021-07-04 16:00:00;;;;;
2021-07-04 17:00:00;;;;;
2021-07-04 18:00:00;;;;;
2021-07-04 19:00:00;;;;;
2021-07-04 20:00:00;;;;;
2021-07-04 21:00:00;;;;;
2021-07-04 22:00:00;;;;;
2021-07-04 23:00:00;;;;;
2021-07-05 00:00:00;;;;;
2021-07-05 01:00:00;;;;;
2021-07-05 02:00:00;;;;;
2021-07-05 03:00:00;;;;;
2021-07-05 04:00:00;;;;;
2021-07-05 05:00:00;;;;;
2021-07-05 06:00:00;;;;;
2021-07-05 07:00:00;;;;;
2021-07-05 08:00:00;;;;;
2021-07-05 09:00:00;;;;;
2021-07-05 10:00:00;;;;;
2021-07-05 11:00:00;;;;;
2021-07-05 12:00:00;;;;;
2021-07-05 13:00:00;;;;;
2021-07-05 14:00:00;;;;;
2021-07-05 15:00:00;;;;;
2021-07-05 16:00:00;;;;;
2021-07-05 17:00:00;;;;;
2021-07-05 18:00:00;;;;;
2021-07-05 19:00:00;;;;;
2021-07-05 20:00:00;;;;;
2021-07-05 21:00:00;;;;;
2021-07-05 22:00:00;;;;;
2021-07-05 23:00:00;;;;;
2021-07-06 00:00:00;;;;;
2021-07-06 01:00:00;;;;;
2021-07-06 02:00:00;;;;;
2021-07-06 03:00:00;;;;;
2021-07-06 04:00:00;;;;;
2021-07-06 05:00:00;;;;;
2021-07-06 06:00:00;;;;;
2021-07-06 07:00:00;;;;;
2021-07-06 08:00:00;;;;;
2021-07-06 09:00:00;;;;;
2021-07-06 10:00:00;;;;;
2021-07-06 11:00:00;;;;;
2021-07-06 12:00:00;;;;;
2021-07-06 13:00:00;;;;;
2021-07-06 14:00:00;;;;;
2021-07-06 15:00:00;;;;;
2021-07-06 16:00:00;;;;;
2021-07-06 17:00:00;;;;;
2021-07-06 18:00:00;;;;;
2021-07-06 19:00:00;;;;;
2021-07-06 20:00:00;;;;;
2021-07-06 21:00:00;;;;;
2021-07-06 22:00:00;;;;;
2021-07-06 23:00:00;;;;;
2021-07-07 00:00:00;;;;;
2021-07-07 01:00:00;;;;;
2021-07-07 02:00:00;;;;;
2021-07-07 03:00:00;;;;;
2021-07-07 04:00:00;;;;;
2021-07-07 05:00:00;;;;;
2021-07-07 06:00:00;;;;;
2021-07-07 07:00:00;;;;;
2021-07-07 08:00:00;;;;;
2021-07-07 09:00:00;;;;;
2021-07-07 10:00:00;;;;;
2021-07-07 11:00:00;;;;;
2021-07-07 12:00:00;;;;;
2021-07-07 13:00:00;;;;;
2021-07-07 14:00:00;;;;;
2021-07-07 15:00:00;;;;;
2021-07-07 16:00:00;;;;;
2021-07-07 17:00:00;;;;;
2021-07-07 18:00:00;;;;;
2021-07-07 19:00:00;;;;;
2021-07-07 20:00:00;;;;;
2021-07-07 21:00:00;;;;;
2021-07-07 22:00:00;;;;;
2021-07-07 23:00:00;;;;;
2021-07-08 00:00:00;;;;;
2021-07-08 01:00:00;;;;;
2021-07-08 02:00:00;;;;;
2021-07-08 03:00:00;;;;;
2021-07-08 04:00:00;;;;;
2021-07-08 05:00:00;;;;;
2021-07-08 06:00:00;;;;;
2021-07-08 07:00:00;;;;;
2021-07-08 08:00:00;;;;;
2021-07-08 09:00:00;;;;;
2021-07-08 10:00:00;;;;;
2021-07-08 11:00:00;;;;;
2021-07-08 12:00:00;;;;;
2021-07-08 13:00:00;;;;;
2021-07-08 14:00:00;;;;;
2021-07-08 15:00:00;;;;;
2021-07-08 16:00:00;;;;;
2021-07-08 17:00:00;;;;;
2021-07-08 18:00:00;;;;;
2021-07-08 19:00:00;;;;;
2021-07-08 20:00:00;;;;;
2021-07-08 21:00:00;;;;;
2021-07-08 22:00:00;;;;;
2021-07-08 23:00:00;;;;;
2021-07-09 00:00:00;;;;;
2021-07-09 01:00:00;;;;;
2021-07-09 02:00:00;;;;;
2021-07-09 03:00:00;;;;;
2021-07-09 04:00:00;;;;;
2021-07-09 05:00:00;;;;;
2021-07-09 06:00:00;;;;;
2021-07-09 07:00:00;;;;;
2021-07-09 08:00:00;;;;;
2021-07-10 02:00:00;;;;;
2021-07-10 03:00:00;;;;;
2021-07-10 04:00:00;;;;;
2021-07-10 05:00:00;;;;;
2021-07-10 06:00:00;;;;;
2021-07-10 07:00:00;;;;;
2021-07-10 08:00:00;;;;;
2021-07-10 09:00:00;;;;;
2021-07-10 10:00:00;;;;;
2021-07-10 11:00:00;;;;;
2021-07-10 12:00:00;;;;;
2021-07-10 13:00:00;;;;;
2021-07-10 14:00:00;;;;;
2021-07-10 15:00:00;;;;;
2021-07-10 16:00:00;;;;;
2021-07-10 17:00:00;;;;;
2021-07-10 18:00:00;;;;;
2021-07-10 19:00:00;;;;;
2021-07-10 20:00:00;;;;;
2021-07-10 21:00:00;;;;;
2021-07-10 22:00:00;;;;;
2021-07-10 23:00:00;;;;;
2021-07-11 00:00:00;;;;;
2021-07-11 01:00:00;;;;;
2021-07-11 02:00:00;;;;;
2021-07-11 03:00:00;;;;;
2021-07-11 04:00:00;;;;;
2021-07-11 05:00:00;;;;;
2021-07-11 06:00:00;;;;;
2021-07-11 07:00:00;;;;;
2021-07-11 08:00:00;;;;;
2021-07-11 09:00:00;;;;;
2021-07-11 10:00:00;;;;;
2021-07-11 11:00:00;;;;;
2021-07-11 12:00:00;;;;;
2021-07-11 13:00:00;;;;;
2021-07-11 14:00:00;;;;;
2021-07-11 15:00:00;;;;;
2021-07-11 16:00:00;;;;;
2021-07-11 17:00:00;;;;;
2021-07-11 18:00:00;;;;;
2021-07-11 19:00:00;;;;;
2021-07-11 20:00:00;;;;;
2021-07-11 21:00:00;;;;;
2021-07-11 22:00:00;;;;;
2021-07-11 23:00:00;;;;;
2021-07-12 00:00:00;;;;;
2021-07-12 01:00:00;;;;;
2021-07-12 02:00:00;;;;;
2021-07-12 03:00:00;;;;;
2021-07-12 04:00:00;;;;;
2021-07-12 05:00:00;;;;;
2021-07-12 06:00:00;;;;;
2021-07-12 07:00:00;;;;;
2021-07-12 08:00:00;;;;;
2021-07-12 09:00:00;;;;;
2021-07-12 10:00:00;;;;;
2021-07-12 11:00:00;;;;;
2021-07-12 12:00:00;;;;;
2021-07-12 13:00:00;;;;;
2021-07-12 14:00:00;;;;;
2021-07-12 15:00:00;;;;;
2021-07-12 16:00:00;;;;;
2021-07-12 17:00:00;;;;;
2021-07-12 18:00:00;;;;;
2021-07-12 19:00:00;;;;;
2021-07-12 20:00:00;;;;;
2021-07-12 21:00:00;;;;;
2021-07-12 22:00:00;;;;;
2021-07-12 23:00:00;;;;;
2021-07-13 23:00:00;;;;;
2021-07-14 12:00:00;;;;;
2021-07-15 00:00:00;;;;;
2021-07-15 01:00:00;;;;;
2021-07-15 02:00:00;;;;;
2021-07-15 03:00:00;;;;;
2021-07-15 04:00:00;;;;;
2021-07-15 05:00:00;;;;;
2021-07-15 06:00:00;;;;;
2021-07-15 07:00:00;;;;;
2021-07-15 08:00:00;;;;;
2021-07-15 09:00:00;;;;;
2021-07-15 10:00:00;;;;;
2021-07-15 11:00:00;;;;;
2021-07-15 12:00:00;;;;;
2021-07-15 13:00:00;;;;;
2021-07-15 14:00:00;;;;;
2021-07-15 15:00:00;;;;;
2021-07-15 16:00:00;;;;;
2021-07-15 17:00:00;;;;;
2021-07-15 18:00:00;;;;;
2021-07-15 19:00:00;;;;;
2021-07-15 20:00:00;;;;;
2021-07-15 21:00:00;;;;;
2021-07-15 22:00:00;;;;;
2021-07-15 23:00:00;;;;;
2021-07-16 00:00:00;;;;;
2021-07-16 01:00:00;;;;;
2021-07-16 02:00:00;;;;;
2021-07-16 03:00:00;;;;;
2021-07-16 04:00:00;;;;;
2021-07-16 05:00:00;;;;;
2021-07-16 06:00:00;;;;;
2021-07-16 07:00:00;;;;;
2021-07-16 08:00:00;;;;;
2021-07-16 09:00:00;;;;;
2021-07-16 10:00:00;;;;;
2021-07-16 11:00:00;;;;;
2021-07-16 12:00:00;;;;;
2021-07-16 13:00:00;;;;;
2021-07-16 14:00:00;;;;;
2021-07-16 15:00:00;;;;;
2021-07-16 16:00:00;;;;;
2021-07-16 17:00:00;;;;;
2021-07-16 18:00:00;;;;;
2021-07-16 19:00:00;;;;;
2021-07-16 20:00:00;;;;;
2021-07-16 21:00:00;;;;;
2021-07-16 22:00:00;;;;;
2021-07-16 23:00:00;;;;;
2021-07-17 00:00:00;;;;;
2021-07-17 01:00:00;;;;;
2021-07-17 02:00:00;;;;;
2021-07-17 03:00:00;;;;;
2021-07-17 04:00:00;;;;;
2021-07-17 05:00:00;;;;;
2021-07-17 06:00:00;;;;;
2021-07-17 07:00:00;;;;;
2021-07-17 08:00:00;;;;;
2021-07-17 09:00:00;;;;;
2021-07-17 10:00:00;;;;;
2021-07-17 11:00:00;;;;;
2021-07-17 12:00:00;;;;;
2021-07-17 13:00:00;;;;;
2021-07-17 14:00:00;;;;;
2021-07-17 15:00:00;;;;;
2021-07-17 16:00:00;;;;;
2021-07-17 17:00:00;;;;;
2021-07-17 18:00:00;;;;;
2021-07-17 19:00:00;;;;;
2021-07-17 20:00:00;;;;;
2021-07-17 21:00:00;;;;;
2021-07-17 22:00:00;;;;;
2021-07-17 23:00:00;;;;;
2021-07-18 00:00:00;;;;;
2021-07-18 01:00:00;;;;;
2021-07-18 02:00:00;;;;;
2021-07-18 03:00:00;;;;;
2021-07-18 04:00:00;;;;;
2021-07-18 05:00:00;;;;;
2021-07-18 06:00:00;;;;;
2021-07-18 07:00:00;;;;;
2021-07-18 08:00:00;;;;;
2021-07-18 09:00:00;;;;;
2021-07-18 10:00:00;;;;;
2021-07-18 11:00:00;;;;;
2021-07-18 12:00:00;;;;;
2021-07-18 13:00:00;;;;;
2021-07-18 14:00:00;;;;;
2021-07-18 15:00:00;;;;;
2021-07-18 16:00:00;;;;;
2021-07-18 17:00:00;;;;;
2021-07-18 18:00:00;;;;;
2021-07-18 19:00:00;;;;;
2021-07-18 20:00:00;;;;;
2021-07-18 21:00:00;;;;;
2021-07-18 22:00:00;;;;;
2021-07-18 23:00:00;;;;;
2021-07-19 00:00:00;;;;;
2021-07-19 01:00:00;;;;;
2021-07-19 02:00:00;;;;;
2021-07-19 03:00:00;;;;;
2021-07-19 04:00:00;;;;;
2021-07-19 05:00:00;;;;;
2021-07-19 06:00:00;;;;;
2021-07-19 07:00:00;;;;;
2021-07-19 08:00:00;;;;;
2021-07-19 09:00:00;;;;;
2021-07-19 10:00:00;;;;;
2021-07-19 11:00:00;;;;;
2021-07-19 12:00:00;;;;;
2021-07-19 13:00:00;;;;;
2021-07-19 14:00:00;;;;;
2021-07-19 15:00:00;;;;;
2021-07-19 16:00:00;;;;;
2021-07-19 17:00:00;;;;;
2021-07-19 18:00:00;;;;;
2021-07-19 19:00:00;;;;;
2021-07-19 20:00:00;;;;;
2021-07-19 21:00:00;;;;;
2021-07-19 22:00:00;;;;;
2021-07-19 23:00:00;;;;;
2021-07-20 00:00:00;;;;;
2021-07-20 01:00:00;;;;;
2021-07-20 02:00:00;;;;;
2021-07-20 03:00:00;;;;;
2021-07-20 04:00:00;;;;;
2021-07-20 05:00:00;;;;;
2021-07-20 06:00:00;;;;;
2021-07-20 07:00:00;;;;;
2021-07-20 08:00:00;;;;;
2021-07-20 09:00:00;;;;;
2021-07-20 10:00:00;;;;;
2021-07-20 11:00:00;;;;;
2021-07-20 12:00:00;;;;;
2021-07-20 13:00:00;;;;;
2021-07-20 14:00:00;;;;;
2021-07-20 15:00:00;;;;;
2021-07-20 16:00:00;;;;;
2021-07-20 17:00:00;;;;;
2021-07-20 18:00:00;;;;;
2021-07-20 19:00:00;;;;;
2021-07-20 20:00:00;;;;;
2021-07-20 21:00:00;;;;;
2021-07-20 22:00:00;;;;;
2021-07-20 23:00:00;;;;;
2021-07-21 00:00:00;;;;;
2021-07-21 01:00:00;;;;;
2021-07-21 02:00:00;;;;;
2021-07-21 03:00:00;;;;;
2021-07-21 04:00:00;;;;;
2021-07-21 05:00:00;;;;;
2021-07-21 06:00:00;;;;;
2021-07-21 07:00:00;;;;;
2021-07-21 08:00:00;;;;;
2021-07-21 09:00:00;;;;;
2021-07-21 10:00:00;;;;;
2021-07-21 11:00:00;;;;;
2021-07-21 12:00:00;;;;;
2021-07-21 13:00:00;;;;;
2021-07-21 14:00:00;;;;;
2021-07-21 15:00:00;;;;;
2021-07-21 16:00:00;;;;;
2021-07-21 17:00:00;;;;;
2021-07-21 18:00:00;;;;;
2021-07-21 19:00:00;;;;;
2021-07-21 20:00:00;;;;;
2021-07-21 21:00:00;;;;;
2021-07-21 22:00:00;;;;;
2021-07-21 23:00:00;;;;;
2021-07-22 00:00:00;;;;;
2021-07-22 01:00:00;;;;;
2021-07-22 02:00:00;;;;;
2021-07-22 03:00:00;;;;;
2021-07-22 04:00:00;;;;;
2021-07-22 05:00:00;;;;;
2021-07-22 06:00:00;;;;;
2021-07-22 07:00:00;;;;;
2021-07-22 08:00:00;;;;;
2021-07-22 09:00:00;;;;;
2021-07-22 10:00:00;;;;;
2021-07-22 11:00:00;;;;;
2021-07-22 12:00:00;;;;;
2021-07-22 13:00:00;;;;;
2021-07-22 14:00:00;;;;;
2021-07-22 15:00:00;;;;;
2021-07-22 16:00:00;;;;;
2021-07-22 17:00:00;;;;;
2021-07-22 18:00:00;;;;;
2021-07-22 19:00:00;;;;;
2021-07-22 20:00:00;;;;;
2021-07-22 21:00:00;;;;;
2021-07-22 22:00:00;;;;;
2021-07-22 23:00:00;;;;;
2021-07-23 00:00:00;;;;;
2021-07-23 01:00:00;;;;;
2021-07-23 02:00:00;;;;;
2021-07-23 03:00:00;;;;;
2021-07-23 04:00:00;;;;;
2021-07-23 05:00:00;;;;;
2021-07-23 06:00:00;;;;;
2021-07-23 07:00:00;;;;;
2021-07-23 08:00:00;;;;;
2021-07-23 09:00:00;;;;;
2021-07-23 10:00:00;;;;;
2021-07-23 11:00:00;;;;;
2021-07-23 12:00:00;;;;;
2021-07-23 13:00:00;;;;;
2021-07-23 14:00:00;;;;;
2021-07-23 15:00:00;;;;;
2021-07-23 16:00:00;;;;;
2021-07-23 17:00:00;;;;;
2021-07-23 18:00:00;;;;;
2021-07-23 19:00:00;;;;;
2021-07-23 20:00:00;;;;;
2021-07-23 21:00:00;;;;;
2021-07-23 22:00:00;;;;;
2021-07-23 23:00:00;;;;;
2021-07-24 00:00:00;;;;;
2021-07-24 01:00:00;;;;;
2021-07-24 02:00:00;;;;;
2021-07-24 03:00:00;;;;;
2021-07-24 04:00:00;;;;;
2021-07-24 05:00:00;;;;;
2021-07-24 06:00:00;;;;;
2021-07-24 07:00:00;;;;;
2021-07-24 08:00:00;;;;;
2021-07-24 09:00:00;;;;;
2021-07-24 10:00:00;;;;;
2021-07-24 11:00:00;;;;;
2021-07-24 12:00:00;;;;;
2021-07-24 13:00:00;;;;;
2021-07-24 14:00:00;;;;;
2021-07-24 15:00:00;;;;;
2021-07-24 16:00:00;;;;;
2021-07-24 17:00:00;;;;;
2021-07-24 18:00:00;;;;;
2021-07-24 19:00:00;;;;;
2021-07-24 20:00:00;;;;;
2021-07-24 21:00:00;;;;;
2021-07-24 22:00:00;;;;;
2021-07-24 23:00:00;;;;;
2021-07-25 00:00:00;;;;;
2021-07-25 01:00:00;;;;;
2021-07-25 02:00:00;;;;;
2021-07-25 03:00:00;;;;;
2021-07-25 04:00:00;;;;;
2021-07-25 05:00:00;;;;;
2021-07-25 06:00:00;;;;;
2021-07-25 07:00:00;;;;;
2021-07-25 08:00:00;;;;;
2021-07-25 09:00:00;;;;;
2021-07-25 10:00:00;;;;;
2021-07-25 11:00:00;;;;;
2021-07-25 12:00:00;;;;;
2021-07-25 13:00:00;;;;;
2021-07-25 14:00:00;;;;;
2021-07-25 15:00:00;;;;;
2021-07-25 16:00:00;;;;;
2021-07-25 17:00:00;;;;;
2021-07-25 18:00:00;;;;;
2021-07-25 19:00:00;;;;;
2021-07-25 20:00:00;;;;;
2021-07-25 21:00:00;;;;;
2021-07-25 22:00:00;;;;;
2021-07-25 23:00:00;;;;;
2021-07-26 00:00:00;;;;;
2021-07-26 01:00:00;;;;;
2021-07-26 02:00:00;;;;;
2021-07-26 03:00:00;;;;;
2021-07-26 04:00:00;;;;;
2021-07-26 05:00:00;;;;;
2021-07-26 06:00:00;;;;;
2021-07-26 07:00:00;;;;;
2021-07-26 08:00:00;;;;;
2021-07-26 09:00:00;;;;;
2021-07-26 10:00:00;;;;;
2021-07-26 11:00:00;;;;;
2021-07-26 12:00:00;;;;;
2021-07-26 13:00:00;;;;;
2021-07-26 14:00:00;;;;;
2021-07-26 15:00:00;;;;;
2021-07-26 16:00:00;;;;;
2021-07-26 17:00:00;;;;;
2021-07-26 18:00:00;;;;;
2021-07-26 19:00:00;;;;;
2021-07-26 20:00:00;;;;;
2021-07-26 21:00:00;;;;;
2021-07-26 22:00:00;;;;;
2021-07-26 23:00:00;;;;;
2021-07-28 13:00:00;;;;;
2021-07-28 14:00:00;;;;;
2021-07-28 15:00:00;;;;;
2021-07-29 12:00:00;;;;;
2021-07-29 15:00:00;;;;;
2021-07-30 13:00:00;;;;;
2021-07-31 11:00:00;;;;;
2021-07-31 12:00:00;;;;;
2021-07-31 13:00:00;;;;;
2021-08-02 12:00:00;;;;;
2021-08-02 13:00:00;;;;;
2021-08-04 11:00:00;;;;;
2021-08-04 12:00:00;;;;;
2021-08-04 13:00:00;;;;;
2021-08-04 14:00:00;;;;;
2021-08-04 15:00:00;;;;;
2021-08-05 11:00:00;;;;;
2021-08-06 13:00:00;;;;;
2021-08-09 14:00:00;;;;;
2021-08-13 23:00:00;;;;;
2021-08-17 23:00:00;;;;;
2021-08-23 22:00:00;;;;;
2021-08-23 23:00:00;;;;;
2021-08-24 00:00:00;;;;;
2021-08-24 01:00:00;;;;;
2021-08-24 02:00:00;;;;;
2021-08-24 03:00:00;;;;;
2021-08-24 04:00:00;;;;;
2021-08-24 05:00:00;;;;;
2021-08-24 06:00:00;;;;;
2021-08-24 22:00:00;;;;;
2021-08-24 23:00:00;;;;;
2021-08-25 00:00:00;;;;;
2021-08-25 01:00:00;;;;;
2021-08-25 02:00:00;;;;;
2021-08-25 03:00:00;;;;;
2021-08-25 04:00:00;;;;;
2021-08-25 05:00:00;;;;;
2021-08-25 06:00:00;;;;;
2021-08-25 07:00:00;;;;;
2021-08-25 08:00:00;;;;;
2021-08-25 09:00:00;;;;;
2021-08-25 10:00:00;;;;;
2021-08-25 11:00:00;;;;;
2021-08-25 12:00:00;;;;;
2021-08-25 13:00:00;;;;;
2021-08-25 14:00:00;;;;;
2021-08-25 15:00:00;;;;;
2021-08-25 16:00:00;;;;;
2021-08-25 17:00:00;;;;;
2021-08-25 18:00:00;;;;;
2021-08-25 19:00:00;;;;;
2021-08-25 20:00:00;;;;;
2021-08-25 21:00:00;;;;;
2021-08-25 22:00:00;;;;;
2021-08-25 23:00:00;;;;;
2021-08-26 00:00:00;;;;;
2021-08-26 01:00:00;;;;;
2021-08-26 02:00:00;;;;;
2021-08-26 03:00:00;;;;;
2021-08-26 04:00:00;;;;;
2021-08-26 05:00:00;;;;;
2021-08-26 06:00:00;;;;;
2021-08-26 07:00:00;;;;;
2021-08-26 08:00:00;;;;;
2021-08-26 09:00:00;;;;;
2021-08-26 10:00:00;;;;;
2021-08-26 11:00:00;;;;;
2021-08-26 12:00:00;;;;;
2021-08-26 13:00:00;;;;;
2021-08-26 14:00:00;;;;;
2021-08-26 15:00:00;;;;;
2021-08-26 16:00:00;;;;;
2021-08-26 17:00:00;;;;;
2021-08-26 18:00:00;;;;;
2021-08-26 19:00:00;;;;;
2021-08-26 20:00:00;;;;;
2021-08-26 21:00:00;;;;;
2021-08-26 22:00:00;;;;;
2021-08-26 23:00:00;;;;;
2021-08-27 00:00:00;;;;;
2021-08-27 01:00:00;;;;;
2021-08-27 02:00:00;;;;;
2021-08-27 03:00:00;;;;;
2021-08-27 04:00:00;;;;;
2021-08-27 05:00:00;;;;;
2021-08-27 06:00:00;;;;;
2021-08-27 07:00:00;;;;;
2021-08-27 08:00:00;;;;;
2021-08-27 09:00:00;;;;;
2021-08-27 10:00:00;;;;;
2021-08-27 11:00:00;;;;;
2021-08-27 12:00:00;;;;;
2021-08-27 13:00:00;;;;;
2021-08-27 14:00:00;;;;;
2021-08-27 15:00:00;;;;;
2021-08-27 16:00:00;;;;;
2021-08-27 17:00:00;;;;;
2021-08-27 18:00:00;;;;;
2021-08-27 19:00:00;;;;;
2021-08-27 20:00:00;;;;;
2021-08-27 21:00:00;;;;;
2021-08-27 22:00:00;;;;;
2021-08-27 23:00:00;;;;;
2021-08-28 00:00:00;;;;;
2021-08-28 01:00:00;;;;;
2021-08-28 02:00:00;;;;;
2021-08-28 03:00:00;;;;;
2021-08-28 04:00:00;;;;;
2021-08-28 05:00:00;;;;;
2021-08-28 06:00:00;;;;;
2021-08-28 07:00:00;;;;;
2021-08-28 08:00:00;;;;;
2021-08-28 09:00:00;;;;;
2021-08-28 10:00:00;;;;;
2021-08-28 11:00:00;;;;;
2021-08-28 12:00:00;;;;;
2021-08-28 13:00:00;;;;;
2021-08-28 14:00:00;;;;;
2021-08-28 15:00:00;;;;;
2021-08-28 16:00:00;;;;;
2021-08-28 17:00:00;;;;;
2021-08-28 18:00:00;;;;;
2021-08-28 19:00:00;;;;;
2021-08-28 20:00:00;;;;;
2021-08-28 21:00:00;;;;;
2021-08-28 22:00:00;;;;;
2021-08-28 23:00:00;;;;;
2021-08-29 00:00:00;;;;;
2021-08-29 01:00:00;;;;;
2021-08-29 02:00:00;;;;;
2021-08-29 03:00:00;;;;;
2021-08-29 04:00:00;;;;;
2021-08-29 05:00:00;;;;;
2021-08-29 06:00:00;;;;;
2021-08-29 07:00:00;;;;;
2021-08-29 08:00:00;;;;;
2021-08-29 09:00:00;;;;;
2021-08-29 10:00:00;;;;;
2021-08-29 11:00:00;;;;;
2021-08-29 12:00:00;;;;;
2021-08-29 13:00:00;;;;;
2021-08-29 14:00:00;;;;;
2021-08-29 15:00:00;;;;;
2021-08-29 16:00:00;;;;;
2021-08-29 17:00:00;;;;;
2021-08-29 18:00:00;;;;;
2021-08-29 19:00:00;;;;;
2021-08-29 20:00:00;;;;;
2021-08-29 21:00:00;;;;;
2021-08-29 22:00:00;;;;;
2021-08-29 23:00:00;;;;;
2021-09-01 15:00:00;;;;;
2021-09-02 12:00:00;;;;;
2021-09-02 13:00:00;;;;;
2021-09-02 15:00:00;;;;;
2021-09-04 12:00:00;;;;;
2021-09-05 13:00:00;;;;;
2021-09-09 11:00:00;;;;;
2021-09-09 12:00:00;;;;;
2021-09-09 13:00:00;;;;;
2021-09-13 14:00:00;;;;;
2021-09-15 13:00:00;;;;;
2021-09-15 14:00:00;;;;;
2021-09-16 12:00:00;;;;;
2021-09-16 14:00:00;;;;;
2021-09-17 11:00:00;;;;;
2021-09-17 12:00:00;;;;;
2021-09-17 13:00:00;;;;;
2021-09-18 13:00:00;;;;;
2021-09-18 14:00:00;;;;;
2021-09-19 11:00:00;;;;;
2021-09-20 12:00:00;;;;;
2021-09-20 13:00:00;;;;;
2021-09-20 14:00:00;;;;;
2021-09-24 23:00:00;;;;;
2021-09-25 12:00:00;;;;;
2021-09-25 13:00:00;;;;;
2021-09-26 12:00:00;;;;;
2021-09-26 14:00:00;;;;;
2021-09-26 15:00:00;;;;;
2021-09-27 11:00:00;;;;;
2021-09-27 12:00:00;;;;;
2021-09-27 23:00:00;;;;;
2021-10-01 13:00:00;;;;;
2021-10-04 12:00:00;;;;;
2021-10-08 23:00:00;;;;;
2021-10-12 08:00:00;;;;;
2021-10-13 12:00:00;;;;;
2021-10-13 13:00:00;;;;;
2021-10-15 09:00:00;;;;;
2021-10-16 23:00:00;;;;;
2021-10-17 23:00:00;;;;;
2021-10-25 12:00:00;;;;;
2021-10-26 22:00:00;;;;;
2021-10-27 01:00:00;;;;;
2021-10-28 12:00:00;;;;;
2021-10-29 13:00:00;;;;;
2021-10-30 05:00:00;;;;;
2021-11-07 14:00:00;;;;;
2021-11-09 05:00:00;;;;;
2021-11-12 23:00:00;;;;;
2021-11-14 13:00:00;;;;;
2021-11-16 23:00:00;;;;;
2021-11-25 23:00:00;;;;;
2021-12-03 23:00:00;;;;;
2021-12-14 23:00:00;;;;;
2021-12-19 23:00:00;;;;;
2021-12-20 23:00:00;;;;;
2021-12-24 12:00:00;;;;;
2021-12-24 23:00:00;;;;;
2022-01-03 05:00:00;;;;;
2022-01-03 06:00:00;;;;;
2022-01-03 07:00:00;;;;;
2022-01-03 08:00:00;;;;;
2022-01-03 09:00:00;;;;;
2022-01-03 10:00:00;;;;;
2022-01-03 11:00:00;;;;;
2022-01-03 12:00:00;;;;;
2022-01-03 13:00:00;;;;;
2022-01-03 14:00:00;;;;;
2022-01-03 15:00:00;;;;;
2022-01-03 16:00:00;;;;;
2022-01-03 17:00:00;;;;;
2022-01-03 18:00:00;;;;;
2022-01-03 19:00:00;;;;;
2022-01-03 20:00:00;;;;;
2022-01-03 21:00:00;;;;;
2022-01-03 22:00:00;;;;;
2022-01-03 23:00:00;;;;;
2022-01-04 00:00:00;;;;;
2022-01-04 01:00:00;;;;;
2022-01-04 02:00:00;;;;;
2022-01-04 03:00:00;;;;;
2022-01-04 04:00:00;;;;;
2022-01-04 05:00:00;;;;;
2022-01-04 06:00:00;;;;;
2022-01-04 07:00:00;;;;;
2022-01-04 08:00:00;;;;;
2022-01-04 09:00:00;;;;;
2022-01-04 10:00:00;;;;;
2022-01-04 11:00:00;;;;;
2022-01-04 12:00:00;;;;;
2022-01-04 13:00:00;;;;;
2022-01-04 14:00:00;;;;;
2022-01-04 15:00:00;;;;;
2022-01-04 16:00:00;;;;;
2022-01-04 17:00:00;;;;;
2022-01-04 18:00:00;;;;;
2022-01-04 19:00:00;;;;;
2022-01-04 20:00:00;;;;;
2022-01-04 21:00:00;;;;;
2022-01-04 22:00:00;;;;;
2022-01-04 23:00:00;;;;;
2022-01-05 00:00:00;;;;;
2022-01-05 01:00:00;;;;;
2022-01-05 02:00:00;;;;;
2022-01-05 03:00:00;;;;;
2022-01-05 04:00:00;;;;;
2022-01-05 05:00:00;;;;;
2022-01-05 06:00:00;;;;;
2022-01-05 07:00:00;;;;;
2022-01-05 08:00:00;;;;;
2022-01-05 09:00:00;;;;;
2022-01-05 10:00:00;;;;;
2022-01-05 11:00:00;;;;;
2022-01-05 12:00:00;;;;;
2022-01-05 13:00:00;;;;;
2022-01-05 14:00:00;;;;;
2022-01-05 15:00:00;;;;;
2022-01-05 16:00:00;;;;;
2022-01-05 17:00:00;;;;;
2022-01-05 18:00:00;;;;;
2022-01-05 19:00:00;;;;;
2022-01-05 20:00:00;;;;;
2022-01-05 21:00:00;;;;;
2022-01-05 22:00:00;;;;;
2022-01-05 23:00:00;;;;;
2022-01-06 00:00:00;;;;;
2022-01-06 01:00:00;;;;;
2022-01-06 02:00:00;;;;;
2022-01-06 03:00:00;;;;;
2022-01-06 04:00:00;;;;;
2022-01-06 05:00:00;;;;;
2022-01-06 06:00:00;;;;;
2022-01-06 07:00:00;;;;;
2022-01-06 08:00:00;;;;;
2022-01-06 09:00:00;;;;;
2022-01-06 10:00:00;;;;;
2022-01-06 11:00:00;;;;;
2022-01-06 12:00:00;;;;;
2022-01-06 13:00:00;;;;;
2022-01-06 14:00:00;;;;;
2022-01-06 15:00:00;;;;;
2022-01-06 16:00:00;;;;;
2022-01-06 17:00:00;;;;;
2022-01-06 18:00:00;;;;;
2022-01-06 19:00:00;;;;;
2022-01-06 20:00:00;;;;;
2022-01-06 21:00:00;;;;;
2022-01-06 22:00:00;;;;;
2022-01-06 23:00:00;;;;;
2022-01-07 00:00:00;;;;;
2022-01-07 01:00:00;;;;;
2022-01-07 02:00:00;;;;;
2022-01-07 03:00:00;;;;;
2022-01-07 04:00:00;;;;;
2022-01-07 05:00:00;;;;;
2022-01-07 06:00:00;;;;;
2022-01-07 07:00:00;;;;;
2022-01-07 08:00:00;;;;;
2022-01-07 09:00:00;;;;;
2022-01-07 10:00:00;;;;;
2022-01-07 11:00:00;;;;;
2022-01-07 12:00:00;;;;;
2022-01-07 13:00:00;;;;;
2022-01-07 14:00:00;;;;;
2022-01-07 15:00:00;;;;;
2022-01-07 16:00:00;;;;;
2022-01-07 17:00:00;;;;;
2022-01-07 18:00:00;;;;;
2022-01-07 19:00:00;;;;;
2022-01-07 20:00:00;;;;;
2022-01-07 21:00:00;;;;;
2022-01-07 22:00:00;;;;;
2022-01-07 23:00:00;;;;;
2022-01-08 00:00:00;;;;;
2022-01-08 01:00:00;;;;;
2022-01-08 02:00:00;;;;;
2022-01-08 03:00:00;;;;;
2022-01-08 04:00:00;;;;;
2022-01-08 05:00:00;;;;;
2022-01-08 06:00:00;;;;;
2022-01-08 07:00:00;;;;;
2022-01-08 08:00:00;;;;;
2022-01-08 09:00:00;;;;;
2022-01-08 10:00:00;;;;;
2022-01-08 11:00:00;;;;;
2022-01-08 12:00:00;;;;;
2022-01-08 13:00:00;;;;;
2022-01-08 14:00:00;;;;;
2022-01-08 15:00:00;;;;;
2022-01-08 16:00:00;;;;;
2022-01-08 17:00:00;;;;;
2022-01-08 18:00:00;;;;;
2022-01-08 19:00:00;;;;;
2022-01-08 20:00:00;;;;;
2022-01-08 21:00:00;;;;;
2022-01-08 22:00:00;;;;;
2022-01-08 23:00:00;;;;;
2022-01-09 00:00:00;;;;;
2022-01-09 01:00:00;;;;;
2022-01-09 02:00:00;;;;;
2022-01-09 03:00:00;;;;;
2022-01-09 04:00:00;;;;;
2022-01-09 05:00:00;;;;;
2022-01-09 06:00:00;;;;;
2022-01-09 07:00:00;;;;;
2022-01-09 08:00:00;;;;;
2022-01-09 09:00:00;;;;;
2022-01-09 10:00:00;;;;;
2022-01-09 11:00:00;;;;;
2022-01-09 12:00:00;;;;;
2022-01-09 13:00:00;;;;;
2022-01-09 14:00:00;;;;;
2022-01-09 15:00:00;;;;;
2022-01-09 16:00:00;;;;;
2022-01-09 17:00:00;;;;;
2022-01-09 18:00:00;;;;;
2022-01-09 19:00:00;;;;;
2022-01-09 20:00:00;;;;;
2022-01-09 21:00:00;;;;;
2022-01-09 22:00:00;;;;;
2022-01-09 23:00:00;;;;;
2022-01-10 00:00:00;;;;;
2022-01-10 01:00:00;;;;;
2022-01-10 02:00:00;;;;;
2022-01-10 03:00:00;;;;;
2022-01-10 04:00:00;;;;;
2022-01-10 05:00:00;;;;;
2022-01-10 06:00:00;;;;;
2022-01-10 07:00:00;;;;;
2022-01-10 08:00:00;;;;;
2022-01-10 09:00:00;;;;;
2022-01-10 10:00:00;;;;;
2022-01-10 11:00:00;;;;;
2022-01-10 12:00:00;;;;;
2022-01-10 13:00:00;;;;;
2022-01-10 14:00:00;;;;;
2022-01-10 15:00:00;;;;;
2022-01-10 16:00:00;;;;;
2022-01-10 17:00:00;;;;;
2022-01-10 18:00:00;;;;;
2022-01-10 19:00:00;;;;;
2022-01-10 20:00:00;;;;;
2022-01-10 21:00:00;;;;;
2022-01-10 22:00:00;;;;;
2022-01-10 23:00:00;;;;;
2022-01-11 00:00:00;;;;;
2022-01-11 01:00:00;;;;;
2022-01-11 02:00:00;;;;;
2022-01-11 03:00:00;;;;;
2022-01-11 04:00:00;;;;;
2022-01-11 05:00:00;;;;;
2022-01-11 06:00:00;;;;;
2022-01-11 07:00:00;;;;;
2022-01-11 08:00:00;;;;;
2022-01-11 09:00:00;;;;;
2022-01-11 10:00:00;;;;;
2022-01-11 11:00:00;;;;;
2022-01-11 12:00:00;;;;;
2022-01-11 13:00:00;;;;;
2022-01-11 14:00:00;;;;;
2022-01-11 15:00:00;;;;;
2022-01-11 16:00:00;;;;;
2022-01-11 17:00:00;;;;;
2022-01-11 18:00:00;;;;;
2022-01-11 19:00:00;;;;;
2022-01-11 20:00:00;;;;;
2022-01-11 21:00:00;;;;;
2022-01-11 22:00:00;;;;;
2022-01-11 23:00:00;;;;;
2022-01-12 00:00:00;;;;;
2022-01-12 01:00:00;;;;;
2022-01-12 02:00:00;;;;;
2022-01-12 03:00:00;;;;;
2022-01-12 04:00:00;;;;;
2022-01-12 05:00:00;;;;;
2022-01-12 06:00:00;;;;;
2022-01-12 07:00:00;;;;;
2022-01-12 08:00:00;;;;;
2022-01-12 09:00:00;;;;;
2022-01-12 10:00:00;;;;;
2022-01-12 11:00:00;;;;;
2022-01-12 12:00:00;;;;;
2022-01-12 13:00:00;;;;;
2022-01-12 14:00:00;;;;;
2022-01-12 15:00:00;;;;;
2022-01-12 16:00:00;;;;;
2022-01-12 17:00:00;;;;;
2022-01-12 18:00:00;;;;;
2022-01-12 19:00:00;;;;;
2022-01-12 20:00:00;;;;;
2022-01-12 21:00:00;;;;;
2022-01-12 22:00:00;;;;;
2022-01-12 23:00:00;;;;;
2022-01-13 00:00:00;;;;;
2022-01-13 01:00:00;;;;;
2022-01-13 02:00:00;;;;;
2022-01-13 03:00:00;;;;;
2022-01-13 04:00:00;;;;;
2022-01-13 05:00:00;;;;;
2022-01-13 06:00:00;;;;;
2022-01-13 07:00:00;;;;;
2022-01-13 08:00:00;;;;;
2022-01-13 09:00:00;;;;;
2022-01-13 10:00:00;;;;;
2022-01-13 11:00:00;;;;;
2022-01-13 12:00:00;;;;;
2022-01-13 13:00:00;;;;;
2022-01-13 14:00:00;;;;;
2022-01-13 15:00:00;;;;;
2022-01-13 16:00:00;;;;;
2022-01-13 17:00:00;;;;;
2022-01-13 18:00:00;;;;;
2022-01-13 19:00:00;;;;;
2022-01-13 20:00:00;;;;;
2022-01-13 21:00:00;;;;;
2022-01-13 22:00:00;;;;;
2022-01-13 23:00:00;;;;;
2022-01-14 00:00:00;;;;;
2022-01-14 01:00:00;;;;;
2022-01-14 02:00:00;;;;;
2022-01-14 03:00:00;;;;;
2022-01-14 04:00:00;;;;;
2022-01-14 05:00:00;;;;;
2022-01-14 06:00:00;;;;;
2022-01-14 07:00:00;;;;;
2022-01-14 08:00:00;;;;;
2022-01-14 09:00:00;;;;;
2022-01-14 10:00:00;;;;;
2022-01-14 11:00:00;;;;;
2022-01-14 12:00:00;;;;;
2022-01-14 13:00:00;;;;;
2022-01-14 14:00:00;;;;;
2022-01-14 15:00:00;;;;;
2022-01-14 16:00:00;;;;;
2022-01-14 17:00:00;;;;;
2022-01-14 18:00:00;;;;;
2022-01-14 19:00:00;;;;;
2022-01-14 20:00:00;;;;;
2022-01-14 21:00:00;;;;;
2022-01-14 22:00:00;;;;;
2022-01-14 23:00:00;;;;;
2022-01-15 00:00:00;;;;;
2022-01-15 01:00:00;;;;;
2022-01-15 02:00:00;;;;;
2022-01-15 03:00:00;;;;;
2022-01-15 04:00:00;;;;;
2022-01-15 05:00:00;;;;;
2022-01-15 06:00:00;;;;;
2022-01-15 07:00:00;;;;;
2022-01-15 08:00:00;;;;;
2022-01-15 09:00:00;;;;;
2022-01-15 10:00:00;;;;;
2022-01-15 11:00:00;;;;;
2022-01-15 12:00:00;;;;;
2022-01-15 13:00:00;;;;;
2022-01-15 14:00:00;;;;;
2022-01-15 15:00:00;;;;;
2022-01-15 16:00:00;;;;;
2022-01-15 17:00:00;;;;;
2022-01-15 18:00:00;;;;;
2022-01-15 19:00:00;;;;;
2022-01-15 20:00:00;;;;;
2022-01-15 21:00:00;;;;;
2022-01-15 22:00:00;;;;;
2022-01-15 23:00:00;;;;;
2022-01-16 00:00:00;;;;;
2022-01-16 01:00:00;;;;;
2022-01-16 02:00:00;;;;;
2022-01-16 03:00:00;;;;;
2022-01-16 04:00:00;;;;;
2022-01-16 05:00:00;;;;;
2022-01-16 06:00:00;;;;;
2022-01-16 07:00:00;;;;;
2022-01-16 08:00:00;;;;;
2022-01-16 09:00:00;;;;;
2022-01-16 10:00:00;;;;;
2022-01-16 11:00:00;;;;;
2022-01-16 12:00:00;;;;;
2022-01-16 13:00:00;;;;;
2022-01-16 14:00:00;;;;;
2022-01-16 15:00:00;;;;;
2022-01-16 16:00:00;;;;;
2022-01-16 17:00:00;;;;;
2022-01-16 18:00:00;;;;;
2022-01-16 19:00:00;;;;;
2022-01-16 20:00:00;;;;;
2022-01-16 21:00:00;;;;;
2022-01-16 22:00:00;;;;;
2022-01-16 23:00:00;;;;;
2022-01-17 00:00:00;;;;;
2022-01-17 01:00:00;;;;;
2022-01-17 02:00:00;;;;;
2022-01-17 03:00:00;;;;;
2022-01-17 04:00:00;;;;;
2022-01-17 05:00:00;;;;;
2022-01-17 06:00:00;;;;;
2022-01-17 07:00:00;;;;;
2022-01-17 08:00:00;;;;;
2022-01-17 09:00:00;;;;;
2022-01-17 10:00:00;;;;;
2022-01-17 11:00:00;;;;;
2022-01-17 12:00:00;;;;;
2022-01-17 13:00:00;;;;;
2022-01-17 14:00:00;;;;;
2022-01-17 15:00:00;;;;;
2022-01-17 16:00:00;;;;;
2022-01-17 17:00:00;;;;;
2022-01-17 18:00:00;;;;;
2022-01-17 19:00:00;;;;;
2022-01-17 20:00:00;;;;;
2022-01-17 21:00:00;;;;;
2022-01-17 22:00:00;;;;;
2022-01-17 23:00:00;;;;;
2022-01-18 00:00:00;;;;;
2022-01-18 01:00:00;;;;;
2022-01-18 02:00:00;;;;;
2022-01-18 03:00:00;;;;;
2022-01-18 04:00:00;;;;;
2022-01-18 05:00:00;;;;;
2022-01-18 06:00:00;;;;;
2022-01-18 07:00:00;;;;;
2022-01-18 08:00:00;;;;;
2022-01-18 09:00:00;;;;;
2022-01-18 10:00:00;;;;;
2022-01-18 11:00:00;;;;;
2022-01-18 12:00:00;;;;;
2022-01-18 13:00:00;;;;;
2022-01-18 14:00:00;;;;;
2022-01-18 15:00:00;;;;;
2022-01-18 16:00:00;;;;;
2022-01-18 17:00:00;;;;;
2022-01-18 18:00:00;;;;;
2022-01-18 19:00:00;;;;;
2022-01-18 20:00:00;;;;;
2022-01-18 21:00:00;;;;;
2022-01-18 22:00:00;;;;;
2022-01-18 23:00:00;;;;;
2022-01-19 00:00:00;;;;;
2022-01-19 01:00:00;;;;;
2022-01-19 02:00:00;;;;;
2022-01-19 03:00:00;;;;;
2022-01-19 04:00:00;;;;;
2022-01-19 05:00:00;;;;;
2022-01-19 06:00:00;;;;;
2022-01-19 07:00:00;;;;;
2022-01-19 08:00:00;;;;;
2022-01-19 09:00:00;;;;;
2022-01-19 10:00:00;;;;;
2022-01-19 11:00:00;;;;;
2022-01-19 12:00:00;;;;;
2022-01-19 13:00:00;;;;;
2022-01-19 14:00:00;;;;;
2022-01-19 15:00:00;;;;;
2022-01-19 16:00:00;;;;;
2022-01-19 17:00:00;;;;;
2022-01-19 18:00:00;;;;;
2022-01-19 19:00:00;;;;;
2022-01-19 20:00:00;;;;;
2022-01-19 21:00:00;;;;;
2022-01-19 22:00:00;;;;;
2022-01-19 23:00:00;;;;;
2022-01-20 00:00:00;;;;;
2022-01-20 01:00:00;;;;;
2022-01-20 02:00:00;;;;;
2022-01-20 03:00:00;;;;;
2022-01-20 04:00:00;;;;;
2022-01-20 05:00:00;;;;;
2022-01-20 06:00:00;;;;;
2022-01-20 07:00:00;;;;;
2022-01-20 08:00:00;;;;;
2022-01-20 09:00:00;;;;;
2022-01-20 10:00:00;;;;;
2022-01-20 11:00:00;;;;;
2022-01-20 12:00:00;;;;;
2022-01-20 13:00:00;;;;;
2022-01-20 14:00:00;;;;;
2022-01-20 15:00:00;;;;;
2022-01-20 16:00:00;;;;;
2022-01-20 17:00:00;;;;;
2022-01-20 18:00:00;;;;;
2022-01-20 19:00:00;;;;;
2022-01-20 20:00:00;;;;;
2022-01-20 21:00:00;;;;;
2022-01-20 22:00:00;;;;;
2022-01-20 23:00:00;;;;;
2022-01-21 00:00:00;;;;;
2022-01-21 01:00:00;;;;;
2022-01-21 02:00:00;;;;;
2022-01-21 03:00:00;;;;;
2022-01-21 04:00:00;;;;;
2022-01-21 05:00:00;;;;;
2022-01-21 06:00:00;;;;;
2022-01-21 07:00:00;;;;;
2022-01-21 08:00:00;;;;;
2022-01-21 09:00:00;;;;;
2022-01-21 10:00:00;;;;;
2022-01-21 11:00:00;;;;;
2022-01-21 12:00:00;;;;;
2022-01-21 13:00:00;;;;;
2022-01-21 14:00:00;;;;;
2022-01-21 15:00:00;;;;;
2022-01-21 16:00:00;;;;;
2022-01-21 17:00:00;;;;;
2022-01-21 18:00:00;;;;;
2022-01-21 19:00:00;;;;;
2022-01-21 20:00:00;;;;;
2022-01-21 21:00:00;;;;;
2022-01-21 22:00:00;;;;;
2022-01-21 23:00:00;;;;;
2022-01-22 00:00:00;;;;;
2022-01-22 01:00:00;;;;;
2022-01-22 02:00:00;;;;;
2022-01-22 03:00:00;;;;;
2022-01-22 04:00:00;;;;;
2022-01-22 05:00:00;;;;;
2022-01-22 06:00:00;;;;;
2022-01-22 07:00:00;;;;;
2022-01-22 08:00:00;;;;;
2022-01-22 09:00:00;;;;;
2022-01-22 10:00:00;;;;;
2022-01-22 11:00:00;;;;;
2022-01-22 12:00:00;;;;;
2022-01-22 13:00:00;;;;;
2022-01-22 14:00:00;;;;;
2022-01-22 15:00:00;;;;;
2022-01-22 16:00:00;;;;;
2022-01-22 17:00:00;;;;;
2022-01-22 18:00:00;;;;;
2022-01-22 19:00:00;;;;;
2022-01-22 20:00:00;;;;;
2022-01-22 21:00:00;;;;;
2022-01-22 22:00:00;;;;;
2022-01-22 23:00:00;;;;;
2022-01-23 00:00:00;;;;;
2022-01-23 01:00:00;;;;;
2022-01-23 02:00:00;;;;;
2022-01-23 03:00:00;;;;;
2022-01-23 04:00:00;;;;;
2022-01-23 05:00:00;;;;;
2022-01-23 06:00:00;;;;;
2022-01-23 07:00:00;;;;;
2022-01-23 08:00:00;;;;;
2022-01-23 09:00:00;;;;;
2022-01-23 10:00:00;;;;;
2022-01-23 11:00:00;;;;;
2022-01-23 12:00:00;;;;;
2022-01-23 13:00:00;;;;;
2022-01-23 14:00:00;;;;;
2022-01-23 15:00:00;;;;;
2022-01-23 16:00:00;;;;;
2022-01-23 17:00:00;;;;;
2022-01-23 18:00:00;;;;;
2022-01-23 19:00:00;;;;;
2022-01-23 20:00:00;;;;;
2022-01-23 21:00:00;;;;;
2022-01-23 22:00:00;;;;;
2022-01-23 23:00:00;;;;;
2022-01-24 00:00:00;;;;;
2022-01-24 01:00:00;;;;;
2022-01-24 02:00:00;;;;;
2022-01-24 03:00:00;;;;;
2022-01-24 04:00:00;;;;;
2022-01-24 05:00:00;;;;;
2022-01-24 06:00:00;;;;;
2022-01-24 07:00:00;;;;;
2022-01-24 08:00:00;;;;;
2022-01-24 09:00:00;;;;;
2022-01-24 10:00:00;;;;;
2022-01-24 11:00:00;;;;;
2022-01-24 12:00:00;;;;;
2022-01-24 13:00:00;;;;;
2022-01-24 14:00:00;;;;;
2022-01-24 15:00:00;;;;;
2022-01-24 16:00:00;;;;;
2022-01-24 17:00:00;;;;;
2022-01-24 18:00:00;;;;;
2022-01-24 19:00:00;;;;;
2022-01-24 20:00:00;;;;;
2022-01-24 21:00:00;;;;;
2022-01-24 22:00:00;;;;;
2022-01-24 23:00:00;;;;;
2022-01-25 00:00:00;;;;;
2022-01-25 01:00:00;;;;;
2022-01-25 02:00:00;;;;;
2022-01-25 03:00:00;;;;;
2022-01-25 04:00:00;;;;;
2022-01-25 05:00:00;;;;;
2022-01-25 06:00:00;;;;;
2022-01-25 07:00:00;;;;;
2022-01-25 08:00:00;;;;;
2022-01-25 09:00:00;;;;;
2022-01-25 10:00:00;;;;;
2022-01-25 11:00:00;;;;;
2022-01-25 12:00:00;;;;;
2022-01-25 13:00:00;;;;;
2022-01-25 14:00:00;;;;;
2022-01-25 15:00:00;;;;;
2022-01-25 16:00:00;;;;;
2022-01-25 17:00:00;;;;;
2022-01-25 18:00:00;;;;;
2022-01-25 19:00:00;;;;;
2022-01-25 20:00:00;;;;;
2022-01-25 21:00:00;;;;;
2022-01-25 22:00:00;;;;;
2022-01-25 23:00:00;;;;;
2022-01-26 00:00:00;;;;;
2022-01-26 01:00:00;;;;;
2022-01-26 02:00:00;;;;;
2022-01-26 03:00:00;;;;;
2022-01-26 04:00:00;;;;;
2022-01-26 05:00:00;;;;;
2022-01-26 06:00:00;;;;;
2022-01-26 07:00:00;;;;;
2022-01-26 08:00:00;;;;;
2022-01-26 09:00:00;;;;;
2022-01-26 10:00:00;;;;;
2022-01-26 11:00:00;;;;;
2022-01-26 12:00:00;;;;;
2022-01-26 13:00:00;;;;;
2022-01-26 14:00:00;;;;;
2022-01-26 15:00:00;;;;;
2022-01-26 16:00:00;;;;;
2022-01-26 17:00:00;;;;;
2022-01-26 18:00:00;;;;;
2022-01-26 19:00:00;;;;;
2022-01-26 20:00:00;;;;;
2022-01-26 21:00:00;;;;;
2022-01-26 22:00:00;;;;;
2022-01-26 23:00:00;;;;;
2022-01-27 00:00:00;;;;;
2022-01-27 01:00:00;;;;;
2022-01-27 02:00:00;;;;;
2022-01-27 03:00:00;;;;;
2022-01-27 04:00:00;;;;;
2022-01-27 05:00:00;;;;;
2022-01-27 06:00:00;;;;;
2022-01-27 07:00:00;;;;;
2022-01-27 08:00:00;;;;;
2022-01-27 09:00:00;;;;;
2022-01-27 10:00:00;;;;;
2022-01-27 11:00:00;;;;;
2022-01-27 12:00:00;;;;;
2022-01-27 13:00:00;;;;;
2022-01-27 14:00:00;;;;;
2022-01-27 15:00:00;;;;;
2022-01-27 16:00:00;;;;;
2022-01-27 17:00:00;;;;;
2022-01-27 18:00:00;;;;;
2022-01-27 19:00:00;;;;;
2022-01-27 20:00:00;;;;;
2022-01-27 21:00:00;;;;;
2022-01-27 22:00:00;;;;;
2022-01-27 23:00:00;;;;;
2022-01-28 00:00:00;;;;;
2022-01-28 01:00:00;;;;;
2022-01-28 02:00:00;;;;;
2022-01-28 03:00:00;;;;;
2022-01-28 04:00:00;;;;;
2022-01-28 05:00:00;;;;;
2022-01-28 06:00:00;;;;;
2022-01-28 07:00:00;;;;;
2022-01-28 08:00:00;;;;;
2022-01-28 09:00:00;;;;;
2022-01-28 10:00:00;;;;;
2022-01-28 11:00:00;;;;;
2022-01-28 12:00:00;;;;;
2022-01-28 13:00:00;;;;;
2022-01-28 14:00:00;;;;;
2022-01-28 15:00:00;;;;;
2022-01-28 16:00:00;;;;;
2022-01-28 17:00:00;;;;;
2022-01-28 18:00:00;;;;;
2022-01-28 19:00:00;;;;;
2022-01-28 20:00:00;;;;;
2022-01-28 21:00:00;;;;;
2022-01-28 22:00:00;;;;;
2022-01-28 23:00:00;;;;;
2022-01-29 00:00:00;;;;;
2022-01-29 01:00:00;;;;;
2022-01-29 02:00:00;;;;;
2022-01-29 03:00:00;;;;;
2022-01-29 04:00:00;;;;;
2022-01-29 05:00:00;;;;;
2022-01-29 06:00:00;;;;;
2022-01-29 07:00:00;;;;;
2022-01-29 08:00:00;;;;;
2022-01-29 09:00:00;;;;;
2022-01-29 10:00:00;;;;;
2022-01-29 11:00:00;;;;;
2022-01-29 12:00:00;;;;;
2022-01-29 13:00:00;;;;;
2022-01-29 14:00:00;;;;;
2022-01-29 15:00:00;;;;;
2022-01-29 16:00:00;;;;;
2022-01-29 17:00:00;;;;;
2022-01-29 18:00:00;;;;;
2022-01-29 19:00:00;;;;;
2022-01-29 20:00:00;;;;;
2022-01-29 21:00:00;;;;;
2022-01-29 22:00:00;;;;;
2022-01-29 23:00:00;;;;;
2022-01-30 00:00:00;;;;;
2022-01-30 01:00:00;;;;;
2022-01-30 02:00:00;;;;;
2022-01-30 03:00:00;;;;;
2022-01-30 04:00:00;;;;;
2022-01-30 05:00:00;;;;;
2022-01-30 06:00:00;;;;;
2022-01-30 07:00:00;;;;;
2022-01-30 08:00:00;;;;;
2022-01-30 09:00:00;;;;;
2022-01-30 10:00:00;;;;;
2022-01-30 11:00:00;;;;;
2022-01-30 12:00:00;;;;;
2022-01-30 13:00:00;;;;;
2022-01-30 14:00:00;;;;;
2022-01-30 15:00:00;;;;;
2022-01-30 16:00:00;;;;;
2022-01-30 17:00:00;;;;;
2022-01-30 18:00:00;;;;;
2022-01-30 19:00:00;;;;;
2022-01-30 20:00:00;;;;;
2022-01-30 21:00:00;;;;;
2022-01-30 22:00:00;;;;;
2022-01-30 23:00:00;;;;;
2022-01-31 00:00:00;;;;;
2022-01-31 01:00:00;;;;;
2022-01-31 02:00:00;;;;;
2022-01-31 03:00:00;;;;;
2022-01-31 04:00:00;;;;;
2022-01-31 05:00:00;;;;;
2022-01-31 06:00:00;;;;;
2022-01-31 07:00:00;;;;;
2022-01-31 08:00:00;;;;;
2022-01-31 09:00:00;;;;;
2022-01-31 10:00:00;;;;;
2022-01-31 11:00:00;;;;;
2022-01-31 12:00:00;;;;;
2022-01-31 13:00:00;;;;;
2022-01-31 14:00:00;;;;;
2022-01-31 15:00:00;;;;;
2022-01-31 16:00:00;;;;;
2022-01-31 17:00:00;;;;;
2022-01-31 18:00:00;;;;;
2022-01-31 19:00:00;;;;;
2022-01-31 20:00:00;;;;;
2022-01-31 21:00:00;;;;;
2022-01-31 22:00:00;;;;;
2022-01-31 23:00:00;;;;;
2022-02-01 00:00:00;;;;;
2022-02-01 01:00:00;;;;;
2022-02-01 02:00:00;;;;;
2022-02-01 03:00:00;;;;;
2022-02-01 04:00:00;;;;;
2022-02-01 05:00:00;;;;;
2022-02-01 06:00:00;;;;;
2022-02-01 07:00:00;;;;;
2022-02-01 08:00:00;;;;;
2022-02-01 09:00:00;;;;;
2022-02-01 10:00:00;;;;;
2022-02-01 11:00:00;;;;;
2022-02-01 12:00:00;;;;;
2022-02-01 13:00:00;;;;;
2022-02-01 14:00:00;;;;;
2022-02-01 15:00:00;;;;;
2022-02-01 16:00:00;;;;;
2022-02-01 17:00:00;;;;;
2022-02-01 18:00:00;;;;;
2022-02-01 19:00:00;;;;;
2022-02-01 20:00:00;;;;;
2022-02-01 21:00:00;;;;;
2022-02-01 22:00:00;;;;;
2022-02-01 23:00:00;;;;;
2022-02-02 00:00:00;;;;;
2022-02-02 01:00:00;;;;;
2022-02-02 02:00:00;;;;;
2022-02-02 03:00:00;;;;;
2022-02-02 04:00:00;;;;;
2022-02-02 05:00:00;;;;;
2022-02-02 06:00:00;;;;;
2022-02-02 07:00:00;;;;;
2022-02-02 08:00:00;;;;;
2022-02-02 09:00:00;;;;;
2022-02-02 10:00:00;;;;;
2022-02-02 11:00:00;;;;;
2022-02-02 12:00:00;;;;;
2022-02-02 13:00:00;;;;;
2022-02-02 14:00:00;;;;;
2022-02-02 15:00:00;;;;;
2022-02-02 16:00:00;;;;;
2022-02-02 17:00:00;;;;;
2022-02-02 18:00:00;;;;;
2022-02-02 19:00:00;;;;;
2022-02-02 20:00:00;;;;;
2022-02-02 21:00:00;;;;;
2022-02-02 22:00:00;;;;;
2022-02-02 23:00:00;;;;;
2022-02-07 23:00:00;;;;;
2022-02-11 13:00:00;;;;;
2022-02-11 14:00:00;;;;;
2022-02-12 13:00:00;;;;;
2022-02-12 23:00:00;;;;;
2022-02-13 23:00:00;;;;;
2022-02-14 23:00:00;;;;;
